frame_id,p0_nose_x,p0_nose_y,p0_nose_c,p0_left_eye_x,p0_left_eye_y,p0_left_eye_c,p0_right_eye_x,p0_right_eye_y,p0_right_eye_c,p0_left_ear_x,p0_left_ear_y,p0_left_ear_c,p0_right_ear_x,p0_right_ear_y,p0_right_ear_c,p0_left_shoulder_x,p0_left_shoulder_y,p0_left_shoulder_c,p0_right_shoulder_x,p0_right_shoulder_y,p0_right_shoulder_c,p0_left_elbow_x,p0_left_elbow_y,p0_left_elbow_c,p0_right_elbow_x,p0_right_elbow_y,p0_right_elbow_c,p0_left_wrist_x,p0_left_wrist_y,p0_left_wrist_c,p0_right_wrist_x,p0_right_wrist_y,p0_right_wrist_c,p0_left_hip_x,p0_left_hip_y,p0_left_hip_c,p0_right_hip_x,p0_right_hip_y,p0_right_hip_c,p0_left_knee_x,p0_left_knee_y,p0_left_knee_c,p0_right_knee_x,p0_right_knee_y,p0_right_knee_c,p0_left_ankle_x,p0_left_ankle_y,p0_left_ankle_c,p0_right_ankle_x,p0_right_ankle_y,p0_right_ankle_c,p1_nose_x,p1_nose_y,p1_nose_c,p1_left_eye_x,p1_left_eye_y,p1_left_eye_c,p1_right_eye_x,p1_right_eye_y,p1_right_eye_c,p1_left_ear_x,p1_left_ear_y,p1_left_ear_c,p1_right_ear_x,p1_right_ear_y,p1_right_ear_c,p1_left_shoulder_x,p1_left_shoulder_y,p1_left_shoulder_c,p1_right_shoulder_x,p1_right_shoulder_y,p1_right_shoulder_c,p1_left_elbow_x,p1_left_elbow_y,p1_left_elbow_c,p1_right_elbow_x,p1_right_elbow_y,p1_right_elbow_c,p1_left_wrist_x,p1_left_wrist_y,p1_left_wrist_c,p1_right_wrist_x,p1_right_wrist_y,p1_right_wrist_c,p1_left_hip_x,p1_left_hip_y,p1_left_hip_c,p1_right_hip_x,p1_right_hip_y,p1_right_hip_c,p1_left_knee_x,p1_left_knee_y,p1_left_knee_c,p1_right_knee_x,p1_right_knee_y,p1_right_knee_c,p1_left_ankle_x,p1_left_ankle_y,p1_left_ankle_c,p1_right_ankle_x,p1_right_ankle_y,p1_right_ankle_c
0,160.96278381347656,36.86945343017578,0.4184041917324066,162.94857788085938,33.88146209716797,0.5214298963546753,157.98410034179688,33.88146209716797,0.4721265137195587,166.92015075683594,35.87345886230469,0.4284411072731018,153.01962280273438,35.87345886230469,0.4994819760322571,174.86331176757812,51.809410095214844,0.3374381363391876,147.062255859375,51.809410095214844,0.30370110273361206,189.75674438476562,62.765380859375,0.31880122423171997,134.1546173095703,62.765380859375,0.20138908922672272,208.6217498779297,58.78139114379883,0.19743400812149048,122.2398681640625,47.82542419433594,0.08590210974216461,170.89173889160156,100.61327362060547,0.1492263823747635,152.0267333984375,100.61327362060547,0.17019981145858765,172.87753295898438,135.47317504882812,0.06782601773738861,152.0267333984375,139.4571533203125,0.10287632793188095,215.572021484375,129.4971923828125,0.025183267891407013,150.0409393310547,139.4571533203125,0.031669218093156815,-1.0,-1.0,-1.0,-1.0,-1.0,-1.0,-1.0,-1.0,-1.0,-1.0,-1.0,-1.0,-1.0,-1.0,-1.0,-1.0,-1.0,-1.0,-1.0,-1.0,-1.0,-1.0,-1.0,-1.0,-1.0,-1.0,-1.0,-1.0,-1.0,-1.0,-1.0,-1.0,-1.0,-1.0,-1.0,-1.0,-1.0,-1.0,-1.0,-1.0,-1.0,-1.0,-1.0,-1.0,-1.0,-1.0,-1.0,-1.0,-1.0,-1.0,-1.0
1,162.20913696289062,37.583641052246094,0.6098923087120056,164.19998168945312,34.589195251464844,0.5837409496307373,158.2274627685547,34.589195251464844,0.5648419260978699,167.18624877929688,35.587345123291016,0.5426265597343445,153.25035095214844,35.587345123291016,0.613985002040863,175.14962768554688,51.55772018432617,0.3410990238189697,147.27783203125,51.55772018432617,0.27784138917922974,190.08094787597656,62.537353515625,0.30605316162109375,130.35565185546875,62.537353515625,0.19744129478931427,209.9893798828125,58.54475784301758,0.16486839950084686,124.38313293457031,47.56512451171875,0.08263411372900009,172.16336059570312,100.46698760986328,0.1553272008895874,153.25035095214844,99.46884155273438,0.159998819231987,172.16336059570312,134.40403747558594,0.12712827324867249,153.25035095214844,134.40403747558594,0.14777305722236633,170.17251586914062,134.40403747558594,0.022121474146842957,154.2457733154297,134.40403747558594,0.049300651997327805,-1.0,-1.0,-1.0,-1.0,-1.0,-1.0,-1.0,-1.0,-1.0,-1.0,-1.0,-1.0,-1.0,-1.0,-1.0,-1.0,-1.0,-1.0,-1.0,-1.0,-1.0,-1.0,-1.0,-1.0,-1.0,-1.0,-1.0,-1.0,-1.0,-1.0,-1.0,-1.0,-1.0,-1.0,-1.0,-1.0,-1.0,-1.0,-1.0,-1.0,-1.0,-1.0,-1.0,-1.0,-1.0,-1.0,-1.0,-1.0,-1.0,-1.0,-1.0
2,162.68431091308594,132.8790283203125,0.05811519920825958,161.6866912841797,132.8790283203125,0.05754225328564644,160.6890869140625,131.88575744628906,0.0643359050154686,160.6890869140625,133.87228393554688,0.08721213042736053,177.64846801757812,131.88575744628906,0.0754956305027008,161.6866912841797,151.75112915039062,0.10012583434581757,189.61981201171875,135.85882568359375,0.24403464794158936,146.7225341796875,134.8655548095703,0.11511621624231339,214.56008911132812,132.8790283203125,0.26448139548301697,137.74403381347656,118.97325897216797,0.42006275057792664,218.550537109375,118.97325897216797,0.09948548674583435,182.63653564453125,169.62997436523438,0.1094469279050827,207.57681274414062,158.70401000976562,0.1015801951289177,180.6413116455078,198.4347686767578,0.10232923179864883,250.47409057617188,177.57611083984375,0.0619073323905468,248.47886657714844,225.25302124023438,0.08869238197803497,247.48126220703125,227.23956298828125,0.09956726431846619,-1.0,-1.0,-1.0,-1.0,-1.0,-1.0,-1.0,-1.0,-1.0,-1.0,-1.0,-1.0,-1.0,-1.0,-1.0,-1.0,-1.0,-1.0,-1.0,-1.0,-1.0,-1.0,-1.0,-1.0,-1.0,-1.0,-1.0,-1.0,-1.0,-1.0,-1.0,-1.0,-1.0,-1.0,-1.0,-1.0,-1.0,-1.0,-1.0,-1.0,-1.0,-1.0,-1.0,-1.0,-1.0,-1.0,-1.0,-1.0,-1.0,-1.0,-1.0
3,159.9368438720703,37.21935272216797,0.4452984929084778,162.92840576171875,35.231266021728516,0.5184903740882874,156.94528198242188,35.231266021728516,0.5493147373199463,165.9199676513672,35.231266021728516,0.6838551759719849,151.9593505859375,36.22530746459961,0.5760458111763,173.8974609375,52.1299934387207,0.3582046329975128,145.97622680664062,51.135948181152344,0.31226614117622375,188.85525512695312,63.0644645690918,0.3086288273334503,134.00997924804688,63.0644645690918,0.20094458758831024,208.79901123046875,58.0942497253418,0.2546497583389282,122.04374694824219,51.135948181152344,0.1303197294473648,169.90872192382812,99.84405517578125,0.15572011470794678,151.9593505859375,100.83808898925781,0.16663019359111786,169.90872192382812,135.6295928955078,0.0716138482093811,150.962158203125,139.60577392578125,0.08964986354112625,167.91433715820312,139.60577392578125,0.03145371377468109,151.9593505859375,139.60577392578125,0.07358310371637344,-1.0,-1.0,-1.0,-1.0,-1.0,-1.0,-1.0,-1.0,-1.0,-1.0,-1.0,-1.0,-1.0,-1.0,-1.0,-1.0,-1.0,-1.0,-1.0,-1.0,-1.0,-1.0,-1.0,-1.0,-1.0,-1.0,-1.0,-1.0,-1.0,-1.0,-1.0,-1.0,-1.0,-1.0,-1.0,-1.0,-1.0,-1.0,-1.0,-1.0,-1.0,-1.0,-1.0,-1.0,-1.0,-1.0,-1.0,-1.0,-1.0,-1.0,-1.0
4,160.14254760742188,36.24673080444336,0.39268118143081665,163.13400268554688,33.2523193359375,0.5888186097145081,157.151123046875,33.2523193359375,0.5479826331138611,166.1254425048828,34.250457763671875,0.46908456087112427,152.16537475585938,35.248592376708984,0.5712344646453857,174.1026153564453,51.218788146972656,0.3378504514694214,146.1824951171875,51.218788146972656,0.35382601618766785,190.05697631835938,62.19830322265625,0.27662912011146545,133.21958923339844,64.194580078125,0.24860306084156036,215.9827880859375,51.218788146972656,0.18018858134746552,121.25382232666016,62.19830322265625,0.11175931990146637,170.11402893066406,95.1368408203125,0.1751718968153,152.16537475585938,95.1368408203125,0.22322462499141693,168.11973571777344,122.0865478515625,0.04420576989650726,151.16822814941406,125.08094787597656,0.05499201640486717,167.12258911132812,146.04183959960938,0.03196921572089195,152.16537475585938,146.04183959960938,0.056191351264715195,-1.0,-1.0,-1.0,-1.0,-1.0,-1.0,-1.0,-1.0,-1.0,-1.0,-1.0,-1.0,-1.0,-1.0,-1.0,-1.0,-1.0,-1.0,-1.0,-1.0,-1.0,-1.0,-1.0,-1.0,-1.0,-1.0,-1.0,-1.0,-1.0,-1.0,-1.0,-1.0,-1.0,-1.0,-1.0,-1.0,-1.0,-1.0,-1.0,-1.0,-1.0,-1.0,-1.0,-1.0,-1.0,-1.0,-1.0,-1.0,-1.0,-1.0,-1.0
5,160.48951721191406,37.08053970336914,0.43471014499664307,162.4855499267578,33.08253479003906,0.5097707509994507,157.4954833984375,33.08253479003906,0.4504605531692505,166.47760009765625,34.082035064697266,0.475113183259964,152.5054168701172,35.08153533935547,0.5125300884246826,174.46170043945312,52.07305145263672,0.31928330659866333,146.517333984375,51.07355499267578,0.3473556935787201,190.429931640625,63.06756591796875,0.2937970757484436,133.54315185546875,63.06756591796875,0.2534239590167999,215.38026428222656,52.07305145263672,0.16169804334640503,125.55904388427734,64.06706237792969,0.11859562247991562,170.4696502685547,95.05159759521484,0.17689305543899536,152.5054168701172,95.05159759521484,0.21264907717704773,168.4736328125,122.03812408447266,0.04187231883406639,151.5074005126953,127.03562927246094,0.07221828401088715,167.47561645507812,144.02716064453125,0.045223500579595566,152.5054168701172,144.02716064453125,0.06148571893572807,-1.0,-1.0,-1.0,-1.0,-1.0,-1.0,-1.0,-1.0,-1.0,-1.0,-1.0,-1.0,-1.0,-1.0,-1.0,-1.0,-1.0,-1.0,-1.0,-1.0,-1.0,-1.0,-1.0,-1.0,-1.0,-1.0,-1.0,-1.0,-1.0,-1.0,-1.0,-1.0,-1.0,-1.0,-1.0,-1.0,-1.0,-1.0,-1.0,-1.0,-1.0,-1.0,-1.0,-1.0,-1.0,-1.0,-1.0,-1.0,-1.0,-1.0,-1.0
6,165.46746826171875,134.3647003173828,0.1507134884595871,167.4561767578125,132.3657684326172,0.10141859948635101,163.47874450683594,134.3647003173828,0.1384383738040924,165.46746826171875,134.3647003173828,0.0444742888212204,163.47874450683594,135.3641815185547,0.0520169660449028,165.46746826171875,144.3594207763672,0.08337374776601791,189.3320770263672,135.3641815185547,0.15220026671886444,172.427978515625,172.3446044921875,0.053037673234939575,219.162841796875,146.3583526611328,0.18560345470905304,213.19668579101562,232.31285095214844,0.03173265978693962,224.13462829589844,124.3699951171875,0.05972569063305855,184.3602752685547,170.3456573486328,0.10808639973402023,213.19668579101562,160.3509521484375,0.06433255225419998,182.37156677246094,196.3319091796875,0.10231496393680573,257.9428405761719,183.33877563476562,0.08216841518878937,172.427978515625,233.31231689453125,0.06574949622154236,172.427978515625,238.30967712402344,0.08912228047847748,-1.0,-1.0,-1.0,-1.0,-1.0,-1.0,-1.0,-1.0,-1.0,-1.0,-1.0,-1.0,-1.0,-1.0,-1.0,-1.0,-1.0,-1.0,-1.0,-1.0,-1.0,-1.0,-1.0,-1.0,-1.0,-1.0,-1.0,-1.0,-1.0,-1.0,-1.0,-1.0,-1.0,-1.0,-1.0,-1.0,-1.0,-1.0,-1.0,-1.0,-1.0,-1.0,-1.0,-1.0,-1.0,-1.0,-1.0,-1.0,-1.0,-1.0,-1.0
7,164.2777557373047,133.39810180664062,0.11926423013210297,167.27493286132812,131.40692138671875,0.06174265593290329,164.2777557373047,131.40692138671875,0.060394104570150375,164.2777557373047,133.39810180664062,0.03649270534515381,164.2777557373047,133.39810180664062,0.052646882832050323,164.2777557373047,145.34510803222656,0.06778643280267715,188.25514221191406,135.38926696777344,0.19109469652175903,173.26927185058594,171.23031616210938,0.03419915959239006,219.22592163085938,146.3406982421875,0.20530098676681519,174.26834106445312,227.97865295410156,0.07907228916883469,212.23252868652344,230.9654083251953,0.06357806921005249,185.25796508789062,170.2347412109375,0.1056862398982048,212.23252868652344,160.2788848876953,0.06028227135539055,183.25985717773438,196.11993408203125,0.13914595544338226,257.19012451171875,182.18174743652344,0.06398335099220276,250.19671630859375,225.98748779296875,0.07705900073051453,249.19766235351562,226.98306274414062,0.09724074602127075,-1.0,-1.0,-1.0,-1.0,-1.0,-1.0,-1.0,-1.0,-1.0,-1.0,-1.0,-1.0,-1.0,-1.0,-1.0,-1.0,-1.0,-1.0,-1.0,-1.0,-1.0,-1.0,-1.0,-1.0,-1.0,-1.0,-1.0,-1.0,-1.0,-1.0,-1.0,-1.0,-1.0,-1.0,-1.0,-1.0,-1.0,-1.0,-1.0,-1.0,-1.0,-1.0,-1.0,-1.0,-1.0,-1.0,-1.0,-1.0,-1.0,-1.0,-1.0
8,164.721923828125,135.29563903808594,0.09087055921554565,166.70901489257812,133.3086395263672,0.06808212399482727,163.72837829589844,135.29563903808594,0.03893015906214714,151.80587768554688,144.23715209960938,0.07104168832302094,165.71546936035156,135.29563903808594,0.08374221622943878,164.721923828125,144.23715209960938,0.082046277821064,190.5540313720703,137.2826385498047,0.16348765790462494,147.83169555664062,161.12664794921875,0.1664740890264511,221.35385131835938,151.191650390625,0.06529216468334198,135.9091796875,141.25665283203125,0.10430515557527542,223.3409423828125,125.36064147949219,0.09829309582710266,184.5927734375,170.06814575195312,0.10959916561841965,214.39906311035156,161.12664794921875,0.07259637117385864,181.61215209960938,197.88616943359375,0.11779559403657913,253.147216796875,180.00315856933594,0.06631466746330261,250.16659545898438,226.69766235351562,0.14990803599357605,172.67025756835938,237.6261749267578,0.07758717983961105,-1.0,-1.0,-1.0,-1.0,-1.0,-1.0,-1.0,-1.0,-1.0,-1.0,-1.0,-1.0,-1.0,-1.0,-1.0,-1.0,-1.0,-1.0,-1.0,-1.0,-1.0,-1.0,-1.0,-1.0,-1.0,-1.0,-1.0,-1.0,-1.0,-1.0,-1.0,-1.0,-1.0,-1.0,-1.0,-1.0,-1.0,-1.0,-1.0,-1.0,-1.0,-1.0,-1.0,-1.0,-1.0,-1.0,-1.0,-1.0,-1.0,-1.0,-1.0
9,164.92825317382812,137.09506225585938,0.032872896641492844,150.95211791992188,173.83013916015625,0.038286544382572174,162.93165588378906,139.0807342529297,0.023467224091291428,154.94529724121094,150.99481201171875,0.054119471460580826,155.94358825683594,149.00914001464844,0.08421574532985687,160.93505859375,152.98049926757812,0.04817449674010277,190.8839111328125,139.0807342529297,0.18778738379478455,147.9572296142578,166.8802490234375,0.05223662033677101,258.7679748535156,186.737060546875,0.18063883483409882,171.9163055419922,234.39337158203125,0.10152745991945267,248.78501892089844,222.4792938232422,0.06444405019283295,186.89073181152344,166.8802490234375,0.11723846197128296,212.84640502929688,160.9232177734375,0.08213546127080917,180.90097045898438,200.63681030273438,0.08827024698257446,255.7730712890625,184.75137329101562,0.0604451447725296,249.78330993652344,228.43634033203125,0.08136589825153351,248.78501892089844,228.43634033203125,0.13622666895389557,-1.0,-1.0,-1.0,-1.0,-1.0,-1.0,-1.0,-1.0,-1.0,-1.0,-1.0,-1.0,-1.0,-1.0,-1.0,-1.0,-1.0,-1.0,-1.0,-1.0,-1.0,-1.0,-1.0,-1.0,-1.0,-1.0,-1.0,-1.0,-1.0,-1.0,-1.0,-1.0,-1.0,-1.0,-1.0,-1.0,-1.0,-1.0,-1.0,-1.0,-1.0,-1.0,-1.0,-1.0,-1.0,-1.0,-1.0,-1.0,-1.0,-1.0,-1.0
10,164.30039978027344,137.37281799316406,0.1493915468454361,168.28843688964844,136.3817596435547,0.09814190864562988,164.30039978027344,137.37281799316406,0.06845121085643768,154.33030700683594,151.2476806640625,0.07019919157028198,155.3273162841797,149.26556396484375,0.059920717030763626,163.3033905029297,149.26556396484375,0.06342140585184097,192.2166748046875,139.35494995117188,0.20347988605499268,148.34823608398438,165.12252807617188,0.08529011160135269,259.016357421875,185.934814453125,0.14089083671569824,139.37515258789062,147.28343200683594,0.06465929001569748,211.15988159179688,233.50575256347656,0.03433811292052269,185.23760986328125,167.1046600341797,0.08762633800506592,211.15988159179688,159.17616271972656,0.07377055287361145,180.2525634765625,199.80967712402344,0.0816359668970108,255.0283203125,183.95269775390625,0.059524279087781906,249.04624938964844,228.55044555664062,0.11751947551965714,248.0492401123047,227.55938720703125,0.11379429697990417,-1.0,-1.0,-1.0,-1.0,-1.0,-1.0,-1.0,-1.0,-1.0,-1.0,-1.0,-1.0,-1.0,-1.0,-1.0,-1.0,-1.0,-1.0,-1.0,-1.0,-1.0,-1.0,-1.0,-1.0,-1.0,-1.0,-1.0,-1.0,-1.0,-1.0,-1.0,-1.0,-1.0,-1.0,-1.0,-1.0,-1.0,-1.0,-1.0,-1.0,-1.0,-1.0,-1.0,-1.0,-1.0,-1.0,-1.0,-1.0,-1.0,-1.0,-1.0
11,242.55035400390625,199.87826538085938,0.03605056554079056,140.0276641845703,159.11334228515625,0.08843092620372772,243.5457305908203,197.88973999023438,0.04035595804452896,152.96742248535156,147.18212890625,0.03680860623717308,156.94888305664062,147.18212890625,0.039559256285429,162.92108154296875,148.17640686035156,0.06262189149856567,190.7913360595703,140.22225952148438,0.14699400961399078,174.865478515625,211.80947875976562,0.07425543665885925,256.4854736328125,186.9528045654297,0.06837686151266098,171.87937927246094,237.66041564941406,0.1413828432559967,210.6986541748047,232.6890869140625,0.035913292318582535,184.8191375732422,169.05599975585938,0.05238215997815132,210.6986541748047,160.10760498046875,0.050718098878860474,177.85157775878906,202.861083984375,0.05956319719552994,149.9813232421875,170.05026245117188,0.07370558381080627,248.52255249023438,228.71200561523438,0.17535144090652466,138.0369415283203,147.18212890625,0.04236151650547981,-1.0,-1.0,-1.0,-1.0,-1.0,-1.0,-1.0,-1.0,-1.0,-1.0,-1.0,-1.0,-1.0,-1.0,-1.0,-1.0,-1.0,-1.0,-1.0,-1.0,-1.0,-1.0,-1.0,-1.0,-1.0,-1.0,-1.0,-1.0,-1.0,-1.0,-1.0,-1.0,-1.0,-1.0,-1.0,-1.0,-1.0,-1.0,-1.0,-1.0,-1.0,-1.0,-1.0,-1.0,-1.0,-1.0,-1.0,-1.0,-1.0,-1.0,-1.0
12,242.50503540039062,199.70811462402344,0.04557817429304123,247.49945068359375,196.71304321289062,0.05234694480895996,244.5028076171875,197.71139526367188,0.05444420501589775,155.60218811035156,147.7935028076172,0.0441863052546978,244.5028076171875,199.70811462402344,0.08404909819364548,162.59437561035156,148.7918701171875,0.06653604656457901,191.56198120117188,139.806640625,0.11085707694292068,148.61000061035156,168.75901794433594,0.08445251733064651,255.49050903320312,185.73110961914062,0.07123014330863953,138.6211700439453,152.78529357910156,0.04596412181854248,154.60330200195312,180.73931884765625,0.025712568312883377,183.5709228515625,169.75738525390625,0.04542681202292442,211.53964233398438,161.7705078125,0.062130361795425415,181.57315063476562,199.70811462402344,0.06262894719839096,149.60888671875,169.75738525390625,0.07805980741977692,248.49832153320312,228.66049194335938,0.14478114247322083,171.58432006835938,237.64572143554688,0.08615637570619583,-1.0,-1.0,-1.0,-1.0,-1.0,-1.0,-1.0,-1.0,-1.0,-1.0,-1.0,-1.0,-1.0,-1.0,-1.0,-1.0,-1.0,-1.0,-1.0,-1.0,-1.0,-1.0,-1.0,-1.0,-1.0,-1.0,-1.0,-1.0,-1.0,-1.0,-1.0,-1.0,-1.0,-1.0,-1.0,-1.0,-1.0,-1.0,-1.0,-1.0,-1.0,-1.0,-1.0,-1.0,-1.0,-1.0,-1.0,-1.0,-1.0,-1.0,-1.0
13,141.6362762451172,165.626953125,0.07279438525438309,141.6362762451172,161.65354919433594,0.09926001727581024,149.60939025878906,143.7732391357422,0.029827242717146873,147.61610412597656,149.73333740234375,0.11619505286216736,153.595947265625,145.7599334716797,0.07031538337469101,162.56570434570312,151.7200469970703,0.059201981872320175,192.4648895263672,139.79983520507812,0.08210840076208115,150.6060333251953,167.6136474609375,0.14617227017879486,257.2464599609375,186.4873046875,0.1606959104537964,251.26663208007812,222.2479248046875,0.04031574726104736,212.39768981933594,155.69345092773438,0.03042793646454811,184.4917755126953,168.60699462890625,0.08958493173122406,212.39768981933594,161.65354919433594,0.0651264637708664,180.50521850585938,202.38092041015625,0.07767880707979202,255.25320434570312,185.49395751953125,0.07490114122629166,249.27334594726562,229.20138549804688,0.13499251008033752,172.5321044921875,238.14154052734375,0.16110533475875854,-1.0,-1.0,-1.0,-1.0,-1.0,-1.0,-1.0,-1.0,-1.0,-1.0,-1.0,-1.0,-1.0,-1.0,-1.0,-1.0,-1.0,-1.0,-1.0,-1.0,-1.0,-1.0,-1.0,-1.0,-1.0,-1.0,-1.0,-1.0,-1.0,-1.0,-1.0,-1.0,-1.0,-1.0,-1.0,-1.0,-1.0,-1.0,-1.0,-1.0,-1.0,-1.0,-1.0,-1.0,-1.0,-1.0,-1.0,-1.0,-1.0,-1.0,-1.0
14,161.4608154296875,38.442359924316406,0.29034003615379333,164.43017578125,34.47586441040039,0.34996119141578674,159.4812469482422,34.47586441040039,0.35089004039764404,168.3893280029297,35.46748733520508,0.45121803879737854,154.53231811523438,35.46748733520508,0.38158494234085083,176.30763244628906,52.32508850097656,0.2957940399646759,148.59359741210938,51.333465576171875,0.2513710856437683,192.14422607421875,61.24970245361328,0.2741285562515259,137.7059326171875,61.24970245361328,0.18047042191028595,214.90931701660156,54.3083381652832,0.2078145444393158,127.80806732177734,60.258079528808594,0.21822814643383026,171.3586883544922,99.92301940917969,0.14194035530090332,152.552734375,99.92301940917969,0.14298824965953827,171.3586883544922,132.6466064453125,0.0958024337887764,152.552734375,128.68011474609375,0.12708500027656555,170.368896484375,132.6466064453125,0.050760116428136826,152.552734375,132.6466064453125,0.11423323303461075,-1.0,-1.0,-1.0,-1.0,-1.0,-1.0,-1.0,-1.0,-1.0,-1.0,-1.0,-1.0,-1.0,-1.0,-1.0,-1.0,-1.0,-1.0,-1.0,-1.0,-1.0,-1.0,-1.0,-1.0,-1.0,-1.0,-1.0,-1.0,-1.0,-1.0,-1.0,-1.0,-1.0,-1.0,-1.0,-1.0,-1.0,-1.0,-1.0,-1.0,-1.0,-1.0,-1.0,-1.0,-1.0,-1.0,-1.0,-1.0,-1.0,-1.0,-1.0
15,159.25457763671875,140.05560302734375,0.06108047068119049,241.98170471191406,197.79360961914062,0.06073639169335365,160.25128173828125,138.06463623046875,0.03238838538527489,152.277587890625,146.02850341796875,0.06706739217042923,155.26773071289062,144.03753662109375,0.03650456294417381,162.24472045898438,148.01947021484375,0.1163109615445137,190.1526641845703,137.06915283203125,0.14462076127529144,149.28746032714844,161.9562225341797,0.21289867162704468,256.932373046875,186.8433074951172,0.04604241997003555,139.32032775878906,144.03753662109375,0.07026983052492142,174.20526123046875,237.61294555664062,0.04569537565112114,185.16909790039062,170.9155731201172,0.07159756124019623,213.07704162597656,156.97882080078125,0.06799047440290451,180.18553161621094,201.77554321289062,0.12731309235095978,255.9356689453125,185.8478240966797,0.0972515344619751,249.9553985595703,228.65359497070312,0.11110027879476547,172.2118377685547,237.61294555664062,0.24527764320373535,-1.0,-1.0,-1.0,-1.0,-1.0,-1.0,-1.0,-1.0,-1.0,-1.0,-1.0,-1.0,-1.0,-1.0,-1.0,-1.0,-1.0,-1.0,-1.0,-1.0,-1.0,-1.0,-1.0,-1.0,-1.0,-1.0,-1.0,-1.0,-1.0,-1.0,-1.0,-1.0,-1.0,-1.0,-1.0,-1.0,-1.0,-1.0,-1.0,-1.0,-1.0,-1.0,-1.0,-1.0,-1.0,-1.0,-1.0,-1.0,-1.0,-1.0,-1.0
16,184.1305389404297,132.9822540283203,0.024274136871099472,239.0745391845703,195.7937469482422,0.04159175604581833,240.07351684570312,196.79075622558594,0.040765002369880676,159.156005859375,139.9613037109375,0.03759358823299408,241.072509765625,196.79075622558594,0.09462280571460724,163.15191650390625,146.94036865234375,0.0880299061536789,191.1234130859375,137.96728515625,0.11083799600601196,147.168212890625,158.90444946289062,0.1278497576713562,209.10508728027344,203.76980590820312,0.0443887822329998,139.17636108398438,136.9702911376953,0.034769799560308456,247.06639099121094,220.71893310546875,0.08172941207885742,183.13156127929688,170.86856079101562,0.07698757201433182,211.10305786132812,156.9104461669922,0.06817097216844559,179.13563537597656,198.78477478027344,0.1433912068605423,252.06130981445312,182.8326416015625,0.06810635328292847,247.06639099121094,228.69500732421875,0.1416318565607071,173.14173889160156,237.66807556152344,0.23200172185897827,-1.0,-1.0,-1.0,-1.0,-1.0,-1.0,-1.0,-1.0,-1.0,-1.0,-1.0,-1.0,-1.0,-1.0,-1.0,-1.0,-1.0,-1.0,-1.0,-1.0,-1.0,-1.0,-1.0,-1.0,-1.0,-1.0,-1.0,-1.0,-1.0,-1.0,-1.0,-1.0,-1.0,-1.0,-1.0,-1.0,-1.0,-1.0,-1.0,-1.0,-1.0,-1.0,-1.0,-1.0,-1.0,-1.0,-1.0,-1.0,-1.0,-1.0,-1.0
17,170.7581787109375,131.24134826660156,0.019504494965076447,239.48663330078125,195.82785034179688,0.05717829242348671,239.48663330078125,195.82785034179688,0.03981076180934906,160.7975311279297,137.2031707763672,0.046443819999694824,241.478759765625,196.82150268554688,0.06168501079082489,162.7896728515625,148.13319396972656,0.07923604547977448,188.68734741210938,136.20953369140625,0.11819079518318176,147.84869384765625,159.063232421875,0.13055124878883362,208.608642578125,205.76425170898438,0.07652370631694794,134.8998565673828,136.20953369140625,0.03973749279975891,246.45909118652344,220.6688232421875,0.04911818355321884,182.71095275878906,170.9868927001953,0.07712121307849884,209.60470581054688,156.08230590820312,0.07058510929346085,178.72669982910156,199.8024139404297,0.15506576001644135,251.43942260742188,181.9169158935547,0.08509127795696259,248.45123291015625,228.61795043945312,0.1715354472398758,172.75030517578125,237.56069946289062,0.25689050555229187,-1.0,-1.0,-1.0,-1.0,-1.0,-1.0,-1.0,-1.0,-1.0,-1.0,-1.0,-1.0,-1.0,-1.0,-1.0,-1.0,-1.0,-1.0,-1.0,-1.0,-1.0,-1.0,-1.0,-1.0,-1.0,-1.0,-1.0,-1.0,-1.0,-1.0,-1.0,-1.0,-1.0,-1.0,-1.0,-1.0,-1.0,-1.0,-1.0,-1.0,-1.0,-1.0,-1.0,-1.0,-1.0,-1.0,-1.0,-1.0,-1.0,-1.0,-1.0
18,143.76808166503906,158.657470703125,0.06418997049331665,142.76844787597656,155.66070556640625,0.11891955137252808,159.7621307373047,135.68231201171875,0.05441822111606598,159.7621307373047,135.68231201171875,0.07807924598455429,161.76138305664062,135.68231201171875,0.09155390411615372,161.76138305664062,147.66934204101562,0.05392375588417053,188.7513427734375,135.68231201171875,0.19921183586120605,170.75804138183594,170.64451599121094,0.03875565901398659,218.74020385742188,148.66827392578125,0.1829511672258377,247.7294158935547,223.58729553222656,0.04602647200226784,221.73907470703125,135.68231201171875,0.03964172676205635,183.75320434570312,169.64559936523438,0.06148773804306984,210.7431640625,157.65855407714844,0.05601149797439575,179.75469970703125,199.6132049560547,0.09578210115432739,251.72793579101562,182.63156127929688,0.07794735580682755,247.7294158935547,228.58189392089844,0.17430004477500916,171.75765991210938,237.57217407226562,0.2320871502161026,-1.0,-1.0,-1.0,-1.0,-1.0,-1.0,-1.0,-1.0,-1.0,-1.0,-1.0,-1.0,-1.0,-1.0,-1.0,-1.0,-1.0,-1.0,-1.0,-1.0,-1.0,-1.0,-1.0,-1.0,-1.0,-1.0,-1.0,-1.0,-1.0,-1.0,-1.0,-1.0,-1.0,-1.0,-1.0,-1.0,-1.0,-1.0,-1.0,-1.0,-1.0,-1.0,-1.0,-1.0,-1.0,-1.0,-1.0,-1.0,-1.0,-1.0,-1.0
19,162.09596252441406,38.48878479003906,0.5078151226043701,164.083251953125,35.498573303222656,0.46915438771247864,159.11502075195312,35.498573303222656,0.5178228616714478,168.05784606933594,36.49531173706055,0.505497395992279,154.1467742919922,37.49204635620117,0.5079795718193054,176.0070343017578,52.44309616088867,0.3776083290576935,148.1848907470703,53.4398307800293,0.38628455996513367,190.91175842285156,64.4039306640625,0.4643018841743469,136.2611083984375,63.407196044921875,0.3370910882949829,210.78472900390625,58.42351531982422,0.2091224640607834,120.36273956298828,60.416988372802734,0.1887105405330658,173.02609252929688,100.28644561767578,0.16858665645122528,153.15313720703125,100.28644561767578,0.1792454570531845,173.02609252929688,129.19180297851562,0.09214165061712265,151.16583251953125,128.195068359375,0.11839068681001663,170.04515075683594,143.1461181640625,0.12156840413808823,150.17218017578125,143.1461181640625,0.1744072586297989,-1.0,-1.0,-1.0,-1.0,-1.0,-1.0,-1.0,-1.0,-1.0,-1.0,-1.0,-1.0,-1.0,-1.0,-1.0,-1.0,-1.0,-1.0,-1.0,-1.0,-1.0,-1.0,-1.0,-1.0,-1.0,-1.0,-1.0,-1.0,-1.0,-1.0,-1.0,-1.0,-1.0,-1.0,-1.0,-1.0,-1.0,-1.0,-1.0,-1.0,-1.0,-1.0,-1.0,-1.0,-1.0,-1.0,-1.0,-1.0,-1.0,-1.0,-1.0
20,162.50645446777344,38.347721099853516,0.5341654419898987,164.4876708984375,36.35313415527344,0.7112211585044861,159.5346221923828,36.35313415527344,0.6157888770103455,168.4501190185547,36.35313415527344,0.5990052819252014,154.58157348632812,37.350425720214844,0.6243178844451904,175.38438415527344,53.307106018066406,0.39014679193496704,147.6472930908203,53.307106018066406,0.39101195335388184,190.24354553222656,64.27732849121094,0.3895425796508789,135.7599639892578,63.280029296875,0.2901946008205414,211.04635620117188,58.2935676574707,0.23774877190589905,123.87264251708984,61.28544616699219,0.17731408774852753,171.4219512939453,99.18255615234375,0.18053589761257172,152.600341796875,99.18255615234375,0.18272919952869415,171.4219512939453,130.0986328125,0.10538479685783386,151.6097412109375,129.10133361816406,0.11715414375066757,171.4219512939453,143.0634307861328,0.08897290378808975,150.61912536621094,143.0634307861328,0.13291698694229126,-1.0,-1.0,-1.0,-1.0,-1.0,-1.0,-1.0,-1.0,-1.0,-1.0,-1.0,-1.0,-1.0,-1.0,-1.0,-1.0,-1.0,-1.0,-1.0,-1.0,-1.0,-1.0,-1.0,-1.0,-1.0,-1.0,-1.0,-1.0,-1.0,-1.0,-1.0,-1.0,-1.0,-1.0,-1.0,-1.0,-1.0,-1.0,-1.0,-1.0,-1.0,-1.0,-1.0,-1.0,-1.0,-1.0,-1.0,-1.0,-1.0,-1.0,-1.0
21,160.94248962402344,39.751007080078125,0.3319450318813324,163.9283447265625,36.75989532470703,0.3962950110435486,158.95191955566406,36.75989532470703,0.40273424983024597,166.91421508789062,37.75693130493164,0.4012318551540375,153.97549438476562,38.75396728515625,0.47968223690986633,174.87649536132812,53.709510803222656,0.3147192597389221,147.00848388671875,53.709510803222656,0.332050621509552,190.8010711669922,64.67691040039062,0.27630615234375,133.07447814941406,64.67691040039062,0.2331719994544983,211.70208740234375,58.69469451904297,0.17434540390968323,121.13105010986328,60.68876647949219,0.06063847243785858,170.89535522460938,100.57022094726562,0.13382180035114288,151.98492431640625,99.57318115234375,0.17956876754760742,171.89064025878906,128.4872283935547,0.06131119281053543,150.9896240234375,125.49612426757812,0.03703849017620087,172.88592529296875,147.43092346191406,0.05118139833211899,150.9896240234375,147.43092346191406,0.10904396325349808,-1.0,-1.0,-1.0,-1.0,-1.0,-1.0,-1.0,-1.0,-1.0,-1.0,-1.0,-1.0,-1.0,-1.0,-1.0,-1.0,-1.0,-1.0,-1.0,-1.0,-1.0,-1.0,-1.0,-1.0,-1.0,-1.0,-1.0,-1.0,-1.0,-1.0,-1.0,-1.0,-1.0,-1.0,-1.0,-1.0,-1.0,-1.0,-1.0,-1.0,-1.0,-1.0,-1.0,-1.0,-1.0,-1.0,-1.0,-1.0,-1.0,-1.0,-1.0
22,161.55162048339844,39.805572509765625,0.3809986710548401,163.53382873535156,36.82807922363281,0.43070557713508606,158.5782928466797,36.82807922363281,0.4006109833717346,167.49826049804688,37.82057571411133,0.41835638880729675,153.6227569580078,38.813072204589844,0.5260507464408875,175.4271240234375,53.700538635253906,0.3326396942138672,147.67611694335938,53.700538635253906,0.3508826196193695,191.2848358154297,64.61801147460938,0.28877484798431396,133.8006134033203,63.625518798828125,0.2763749659061432,210.11587524414062,59.65552520751953,0.17059387266635895,121.90733337402344,61.64052200317383,0.16242779791355133,172.45379638671875,100.34793853759766,0.15285496413707733,151.6405487060547,101.3404312133789,0.1532643586397171,172.45379638671875,128.13787841796875,0.05275552719831467,153.6227569580078,129.13037109375,0.034888144582509995,171.4626922607422,146.00283813476562,0.043952230364084244,151.6405487060547,146.00283813476562,0.10165750235319138,-1.0,-1.0,-1.0,-1.0,-1.0,-1.0,-1.0,-1.0,-1.0,-1.0,-1.0,-1.0,-1.0,-1.0,-1.0,-1.0,-1.0,-1.0,-1.0,-1.0,-1.0,-1.0,-1.0,-1.0,-1.0,-1.0,-1.0,-1.0,-1.0,-1.0,-1.0,-1.0,-1.0,-1.0,-1.0,-1.0,-1.0,-1.0,-1.0,-1.0,-1.0,-1.0,-1.0,-1.0,-1.0,-1.0,-1.0,-1.0,-1.0,-1.0,-1.0
23,163.55511474609375,39.36663818359375,0.39101582765579224,165.5431365966797,35.36970901489258,0.4870980679988861,160.57308959960938,36.36894226074219,0.46298161149024963,169.5191650390625,37.36817169189453,0.5169526934623718,156.5970458984375,37.36817169189453,0.5531790852546692,177.47125244140625,53.35588455200195,0.3073442280292511,151.6269989013672,52.356651306152344,0.29229989647865295,193.37539672851562,63.34820556640625,0.3190475106239319,134.72885131835938,62.34897232055664,0.18539263308048248,219.21963500976562,53.35588455200195,0.1979861855506897,128.76478576660156,46.36125946044922,0.13840404152870178,173.49520874023438,100.31978607177734,0.16809017956256866,155.60304260253906,100.31978607177734,0.17093561589717865,174.4892120361328,132.2952117919922,0.11218738555908203,154.60902404785156,133.29443359375,0.08660733699798584,172.50119018554688,152.27984619140625,0.03303273022174835,158.58506774902344,152.27984619140625,0.06790849566459656,-1.0,-1.0,-1.0,-1.0,-1.0,-1.0,-1.0,-1.0,-1.0,-1.0,-1.0,-1.0,-1.0,-1.0,-1.0,-1.0,-1.0,-1.0,-1.0,-1.0,-1.0,-1.0,-1.0,-1.0,-1.0,-1.0,-1.0,-1.0,-1.0,-1.0,-1.0,-1.0,-1.0,-1.0,-1.0,-1.0,-1.0,-1.0,-1.0,-1.0,-1.0,-1.0,-1.0,-1.0,-1.0,-1.0,-1.0,-1.0,-1.0,-1.0,-1.0
24,150.684326171875,164.513916015625,0.04805834963917732,146.686279296875,161.5179901123047,0.03996248170733452,146.686279296875,164.513916015625,0.04230186715722084,163.677978515625,133.55589294433594,0.036140210926532745,165.677001953125,132.5572509765625,0.036830250173807144,165.677001953125,149.53424072265625,0.050686173141002655,191.664306640625,135.55319213867188,0.2037542313337326,176.671630859375,166.51121520996094,0.02918408438563347,218.651123046875,130.55996704101562,0.19647616147994995,227.646728515625,113.58297729492188,0.03372640162706375,226.647216796875,113.58297729492188,0.18728457391262054,187.666259765625,166.51121520996094,0.09800627827644348,211.654541015625,159.52069091796875,0.11357772350311279,185.667236328125,197.46923828125,0.05603605881333351,258.631591796875,185.48548889160156,0.04164614528417587,251.635009765625,228.42727661132812,0.15169379115104675,175.672119140625,238.41372680664062,0.19401030242443085,-1.0,-1.0,-1.0,-1.0,-1.0,-1.0,-1.0,-1.0,-1.0,-1.0,-1.0,-1.0,-1.0,-1.0,-1.0,-1.0,-1.0,-1.0,-1.0,-1.0,-1.0,-1.0,-1.0,-1.0,-1.0,-1.0,-1.0,-1.0,-1.0,-1.0,-1.0,-1.0,-1.0,-1.0,-1.0,-1.0,-1.0,-1.0,-1.0,-1.0,-1.0,-1.0,-1.0,-1.0,-1.0,-1.0,-1.0,-1.0,-1.0,-1.0,-1.0
25,151.10137939453125,164.62815856933594,0.042300522327423096,150.10617065429688,161.64366149902344,0.03232496231794357,166.02964782714844,131.7987823486328,0.029811754822731018,164.03921508789062,133.78843688964844,0.04961441084742546,166.02964782714844,131.7987823486328,0.0444168746471405,165.03443908691406,149.70571899414062,0.05813015252351761,191.9053192138672,135.77810668945312,0.20567548274993896,175.98182678222656,166.61781311035156,0.028378551825881004,218.7761993408203,130.803955078125,0.2156367301940918,213.80010986328125,231.28173828125,0.03201494365930557,226.73794555664062,113.89185333251953,0.2047393023967743,187.9244384765625,166.61781311035156,0.10261761397123337,211.80967712402344,159.6540069580078,0.11679483950138092,184.9387969970703,197.45751953125,0.062438562512397766,186.92922973632812,192.48336791992188,0.03704693913459778,250.6231689453125,229.2920684814453,0.14412806928157806,175.98182678222656,238.2455291748047,0.23445558547973633,-1.0,-1.0,-1.0,-1.0,-1.0,-1.0,-1.0,-1.0,-1.0,-1.0,-1.0,-1.0,-1.0,-1.0,-1.0,-1.0,-1.0,-1.0,-1.0,-1.0,-1.0,-1.0,-1.0,-1.0,-1.0,-1.0,-1.0,-1.0,-1.0,-1.0,-1.0,-1.0,-1.0,-1.0,-1.0,-1.0,-1.0,-1.0,-1.0,-1.0,-1.0,-1.0,-1.0,-1.0,-1.0,-1.0,-1.0,-1.0,-1.0,-1.0,-1.0
26,160.956298828125,136.92303466796875,0.04138580709695816,140.03741455078125,122.93315887451172,0.02025786228477955,159.9601593017578,134.9244842529297,0.040195006877183914,149.99879455566406,156.9085693359375,0.02800023928284645,161.9524383544922,133.92520141601562,0.02663491666316986,159.9601593017578,151.91220092773438,0.04165019094944,191.8365478515625,137.9223175048828,0.1996941715478897,148.0065155029297,137.9223175048828,0.10146195441484451,217.73609924316406,136.92303466796875,0.2706693410873413,140.03741455078125,122.93315887451172,0.08696943521499634,189.84426879882812,149.91363525390625,0.07074610888957977,185.85971069335938,168.89990234375,0.09876375645399094,210.7631378173828,161.90496826171875,0.1021849513053894,184.86358642578125,194.881103515625,0.06761394441127777,254.59317016601562,183.88906860351562,0.057714883238077164,248.6163330078125,230.85508728027344,0.09879463911056519,248.6163330078125,228.85653686523438,0.07635852694511414,-1.0,-1.0,-1.0,-1.0,-1.0,-1.0,-1.0,-1.0,-1.0,-1.0,-1.0,-1.0,-1.0,-1.0,-1.0,-1.0,-1.0,-1.0,-1.0,-1.0,-1.0,-1.0,-1.0,-1.0,-1.0,-1.0,-1.0,-1.0,-1.0,-1.0,-1.0,-1.0,-1.0,-1.0,-1.0,-1.0,-1.0,-1.0,-1.0,-1.0,-1.0,-1.0,-1.0,-1.0,-1.0,-1.0,-1.0,-1.0,-1.0,-1.0,-1.0
27,162.08448791503906,132.0635223388672,0.04137234017252922,142.16790771484375,125.11860656738281,0.01636446639895439,162.08448791503906,134.0477752685547,0.03527669236063957,162.08448791503906,131.07139587402344,0.03462804853916168,178.0177459716797,130.07925415039062,0.037963345646858215,162.08448791503906,153.890380859375,0.03949199616909027,192.95518493652344,138.01629638671875,0.14511577785015106,149.1387176513672,140.99269104003906,0.09065811336040497,217.85089111328125,137.024169921875,0.23513443768024445,211.8759307861328,233.26080322265625,0.056759972125291824,190.96353149414062,150.91400146484375,0.058670464903116226,186.98020935058594,168.7723388671875,0.08042915910482407,209.88427734375,160.83529663085938,0.091781847178936,184.98855590820312,195.55984497070312,0.07654552161693573,254.69656372070312,183.654296875,0.07542248070240021,248.72158813476562,230.28440856933594,0.08425074070692062,248.72158813476562,229.2922821044922,0.095417819917202,-1.0,-1.0,-1.0,-1.0,-1.0,-1.0,-1.0,-1.0,-1.0,-1.0,-1.0,-1.0,-1.0,-1.0,-1.0,-1.0,-1.0,-1.0,-1.0,-1.0,-1.0,-1.0,-1.0,-1.0,-1.0,-1.0,-1.0,-1.0,-1.0,-1.0,-1.0,-1.0,-1.0,-1.0,-1.0,-1.0,-1.0,-1.0,-1.0,-1.0,-1.0,-1.0,-1.0,-1.0,-1.0,-1.0,-1.0,-1.0,-1.0,-1.0,-1.0
28,163.5998077392578,38.70166015625,0.41009899973869324,165.5807342529297,35.70686721801758,0.5097536444664001,159.63796997070312,35.70686721801758,0.528910219669342,169.54257202148438,36.70513153076172,0.43566665053367615,155.67613220214844,37.70339584350586,0.49739331007003784,177.4662628173828,53.675628662109375,0.3018011152744293,149.73336791992188,53.675628662109375,0.27128610014915466,191.33270263671875,64.65653991699219,0.22599275410175323,134.87646484375,63.65827178955078,0.15197716653347015,211.14190673828125,58.66695022583008,0.10311469435691833,127.94324493408203,60.66347885131836,0.09873602539300919,172.51394653320312,102.59059143066406,0.1417658030986786,153.69520568847656,102.59059143066406,0.15455900132656097,172.51394653320312,135.53330993652344,0.07756183296442032,152.70474243164062,131.54025268554688,0.06180866062641144,170.5330352783203,143.51943969726562,0.036169830709695816,154.6856689453125,143.51943969726562,0.041379816830158234,-1.0,-1.0,-1.0,-1.0,-1.0,-1.0,-1.0,-1.0,-1.0,-1.0,-1.0,-1.0,-1.0,-1.0,-1.0,-1.0,-1.0,-1.0,-1.0,-1.0,-1.0,-1.0,-1.0,-1.0,-1.0,-1.0,-1.0,-1.0,-1.0,-1.0,-1.0,-1.0,-1.0,-1.0,-1.0,-1.0,-1.0,-1.0,-1.0,-1.0,-1.0,-1.0,-1.0,-1.0,-1.0,-1.0,-1.0,-1.0,-1.0,-1.0,-1.0
29,162.60818481445312,39.34269714355469,0.39047613739967346,165.58123779296875,36.35407638549805,0.4731777608394623,159.63514709472656,36.35407638549805,0.472017765045166,169.5452880859375,36.35407638549805,0.42840200662612915,154.68008422851562,37.350284576416016,0.3977814316749573,176.48239135742188,52.29339599609375,0.27449217438697815,148.73399353027344,53.28960418701172,0.2743242681026459,191.34762573242188,64.24789428710938,0.2741548717021942,132.8777618408203,63.25168228149414,0.1257551610469818,217.11399841308594,54.28581237792969,0.12946736812591553,129.9047088623047,49.30477523803711,0.0374290868639946,171.52732849121094,101.10757446289062,0.150836780667305,153.68905639648438,101.10757446289062,0.14971505105495453,171.52732849121094,129.99758911132812,0.09927508234977722,153.68905639648438,133.982421875,0.12442653626203537,168.55429077148438,133.982421875,0.04901620373129845,153.68905639648438,133.982421875,0.10510268062353134,-1.0,-1.0,-1.0,-1.0,-1.0,-1.0,-1.0,-1.0,-1.0,-1.0,-1.0,-1.0,-1.0,-1.0,-1.0,-1.0,-1.0,-1.0,-1.0,-1.0,-1.0,-1.0,-1.0,-1.0,-1.0,-1.0,-1.0,-1.0,-1.0,-1.0,-1.0,-1.0,-1.0,-1.0,-1.0,-1.0,-1.0,-1.0,-1.0,-1.0,-1.0,-1.0,-1.0,-1.0,-1.0,-1.0,-1.0,-1.0,-1.0,-1.0,-1.0
30,147.8643341064453,161.12164306640625,0.06180061772465706,146.86602783203125,158.12936401367188,0.10554815828800201,144.86941528320312,160.1242218017578,0.038691673427820206,151.85757446289062,147.1576690673828,0.1085856482386589,244.70016479492188,198.02645874023438,0.0975232943892479,162.83895874023438,147.1576690673828,0.07799198478460312,164.8355712890625,147.1576690673828,0.026235105469822884,154.8524932861328,156.13450622558594,0.03896165266633034,257.67816162109375,185.05990600585938,0.1425415277481079,249.69171142578125,222.962158203125,0.029003659263253212,173.82034301757812,236.9261474609375,0.08335651457309723,186.79833984375,164.1139373779297,0.08788637071847916,208.7611083984375,157.13194274902344,0.06763148307800293,184.80172729492188,193.03933715820312,0.04048062860965729,187.79664611816406,189.04962158203125,0.06329669803380966,248.6934051513672,228.94671630859375,0.16140207648277283,248.6934051513672,228.94671630859375,0.0813404992222786,-1.0,-1.0,-1.0,-1.0,-1.0,-1.0,-1.0,-1.0,-1.0,-1.0,-1.0,-1.0,-1.0,-1.0,-1.0,-1.0,-1.0,-1.0,-1.0,-1.0,-1.0,-1.0,-1.0,-1.0,-1.0,-1.0,-1.0,-1.0,-1.0,-1.0,-1.0,-1.0,-1.0,-1.0,-1.0,-1.0,-1.0,-1.0,-1.0,-1.0,-1.0,-1.0,-1.0,-1.0,-1.0,-1.0,-1.0,-1.0,-1.0,-1.0,-1.0
31,176.4633026123047,128.91856384277344,0.01807016134262085,138.62579345703125,146.85646057128906,0.03621611371636391,149.57875061035156,141.87371826171875,0.04128500819206238,153.5616455078125,145.8599090576172,0.07123824954032898,165.51034545898438,136.89096069335938,0.03479577600955963,160.53172302246094,149.8461151123047,0.10991618782281876,188.4119873046875,137.88751220703125,0.18557590246200562,149.57875061035156,159.81161499023438,0.13695773482322693,256.1212158203125,184.72535705566406,0.1434650421142578,247.15969848632812,224.58734130859375,0.04401679337024689,247.15969848632812,224.58734130859375,0.10492537915706635,186.42054748535156,165.79090881347656,0.10175913572311401,212.30935668945312,157.81851196289062,0.0798148512840271,184.42909240722656,194.69085693359375,0.05633546784520149,254.1297607421875,184.72535705566406,0.0880318135023117,170.48895263671875,237.54249572753906,0.10487453639507294,247.15969848632812,228.57354736328125,0.12301567196846008,-1.0,-1.0,-1.0,-1.0,-1.0,-1.0,-1.0,-1.0,-1.0,-1.0,-1.0,-1.0,-1.0,-1.0,-1.0,-1.0,-1.0,-1.0,-1.0,-1.0,-1.0,-1.0,-1.0,-1.0,-1.0,-1.0,-1.0,-1.0,-1.0,-1.0,-1.0,-1.0,-1.0,-1.0,-1.0,-1.0,-1.0,-1.0,-1.0,-1.0,-1.0,-1.0,-1.0,-1.0,-1.0,-1.0,-1.0,-1.0,-1.0,-1.0,-1.0
32,173.30865478515625,129.46142578125,0.025324750691652298,153.4578857421875,141.45626831054688,0.0322791263461113,155.44296264648438,140.45669555664062,0.03933513164520264,153.4578857421875,144.45497131347656,0.07196938991546631,166.3608856201172,136.4584197998047,0.05113454535603523,161.398193359375,150.452392578125,0.10972807556390762,188.19674682617188,138.45755004882812,0.17317001521587372,147.5026397705078,160.44810485839844,0.1875172108411789,256.68194580078125,185.43736267089844,0.15410096943378448,135.59217834472656,138.45755004882812,0.05333587899804115,246.75656127929688,224.42059326171875,0.10450702160596848,186.211669921875,166.44552612304688,0.09076838940382004,213.01023864746094,158.44895935058594,0.08494533598423004,184.22659301757812,195.4330596923828,0.06968372315168381,254.69688415527344,184.4377899169922,0.10104053467512131,247.74911499023438,228.41888427734375,0.059212010353803635,247.74911499023438,228.41888427734375,0.12560342252254486,-1.0,-1.0,-1.0,-1.0,-1.0,-1.0,-1.0,-1.0,-1.0,-1.0,-1.0,-1.0,-1.0,-1.0,-1.0,-1.0,-1.0,-1.0,-1.0,-1.0,-1.0,-1.0,-1.0,-1.0,-1.0,-1.0,-1.0,-1.0,-1.0,-1.0,-1.0,-1.0,-1.0,-1.0,-1.0,-1.0,-1.0,-1.0,-1.0,-1.0,-1.0,-1.0,-1.0,-1.0,-1.0,-1.0,-1.0,-1.0,-1.0,-1.0,-1.0
33,162.32412719726562,136.64002990722656,0.05508292093873024,164.3218994140625,136.64002990722656,0.017113080248236656,150.33758544921875,144.6084747314453,0.0413852259516716,153.33421325683594,148.59271240234375,0.06258923560380936,165.32077026367188,136.64002990722656,0.044024888426065445,159.32749938964844,153.57298278808594,0.08907726407051086,189.29388427734375,138.63214111328125,0.14685924351215363,148.33981323242188,165.52565002441406,0.15663094818592072,256.21881103515625,185.44677734375,0.16079206764698029,139.3498992919922,146.6005859375,0.09222818911075592,246.23001098632812,222.30084228515625,0.10135801136493683,185.29835510253906,166.52171325683594,0.09055332839488983,208.2725830078125,159.54931640625,0.07058161497116089,173.31179809570312,203.3757781982422,0.07181601971387863,254.22103881835938,184.45071411132812,0.045088086277246475,247.2288818359375,228.2771759033203,0.10556714981794357,246.23001098632812,228.2771759033203,0.08491380512714386,-1.0,-1.0,-1.0,-1.0,-1.0,-1.0,-1.0,-1.0,-1.0,-1.0,-1.0,-1.0,-1.0,-1.0,-1.0,-1.0,-1.0,-1.0,-1.0,-1.0,-1.0,-1.0,-1.0,-1.0,-1.0,-1.0,-1.0,-1.0,-1.0,-1.0,-1.0,-1.0,-1.0,-1.0,-1.0,-1.0,-1.0,-1.0,-1.0,-1.0,-1.0,-1.0,-1.0,-1.0,-1.0,-1.0,-1.0,-1.0,-1.0,-1.0,-1.0
34,150.52670288085938,176.4151153564453,0.020659595727920532,143.5653076171875,157.54344177246094,0.04219101369380951,153.51016235351562,145.62449645996094,0.03347492590546608,156.49362182617188,146.61773681640625,0.051266852766275406,158.48260498046875,146.61773681640625,0.06218959391117096,163.4550323486328,148.60423278808594,0.12630902230739594,192.29515075683594,139.66502380371094,0.11380793154239655,150.52670288085938,168.46914672851562,0.18298740684986115,255.94229125976562,185.35433959960938,0.16928832232952118,141.57632446289062,150.59072875976562,0.099063441157341,247.9864044189453,221.11117553710938,0.06194997951388359,187.32272338867188,166.482666015625,0.06464970111846924,209.201416015625,158.53668212890625,0.0877818688750267,183.3447723388672,198.2665252685547,0.07014045119285583,253.9533233642578,182.3745880126953,0.05365511402487755,247.9864044189453,228.06390380859375,0.15376931428909302,172.40541076660156,237.00311279296875,0.13196925818920135,-1.0,-1.0,-1.0,-1.0,-1.0,-1.0,-1.0,-1.0,-1.0,-1.0,-1.0,-1.0,-1.0,-1.0,-1.0,-1.0,-1.0,-1.0,-1.0,-1.0,-1.0,-1.0,-1.0,-1.0,-1.0,-1.0,-1.0,-1.0,-1.0,-1.0,-1.0,-1.0,-1.0,-1.0,-1.0,-1.0,-1.0,-1.0,-1.0,-1.0,-1.0,-1.0,-1.0,-1.0,-1.0,-1.0,-1.0,-1.0,-1.0,-1.0,-1.0
35,144.6838836669922,170.50473022460938,0.0814545601606369,144.6838836669922,164.50498962402344,0.06245959922671318,144.6838836669922,172.504638671875,0.02979801967740059,144.6838836669922,154.50543212890625,0.1154705286026001,157.63905334472656,148.5056915283203,0.049473557621240616,163.6183624267578,149.50564575195312,0.08831922709941864,190.5252685546875,138.50613403320312,0.1167774498462677,150.66319274902344,167.50485229492188,0.16934362053871155,256.29766845703125,184.5041046142578,0.1710803061723709,248.32525634765625,221.50247192382812,0.06715422868728638,248.32525634765625,221.50247192382812,0.06954445689916611,188.53216552734375,165.50494384765625,0.08272195607423782,208.46319580078125,158.5052490234375,0.09025317430496216,183.54940795898438,198.50347900390625,0.07876046001911163,254.3045654296875,182.5041961669922,0.03694670647382736,248.32525634765625,228.50216674804688,0.15259480476379395,172.58734130859375,237.50177001953125,0.09886674582958221,-1.0,-1.0,-1.0,-1.0,-1.0,-1.0,-1.0,-1.0,-1.0,-1.0,-1.0,-1.0,-1.0,-1.0,-1.0,-1.0,-1.0,-1.0,-1.0,-1.0,-1.0,-1.0,-1.0,-1.0,-1.0,-1.0,-1.0,-1.0,-1.0,-1.0,-1.0,-1.0,-1.0,-1.0,-1.0,-1.0,-1.0,-1.0,-1.0,-1.0,-1.0,-1.0,-1.0,-1.0,-1.0,-1.0,-1.0,-1.0,-1.0,-1.0,-1.0
36,163.56175231933594,136.4189453125,0.023067081347107887,152.57102966308594,174.33090209960938,0.027600347995758057,163.56175231933594,136.4189453125,0.05381219461560249,151.57186889648438,146.39578247070312,0.03785496577620506,165.56005859375,136.4189453125,0.0948968231678009,163.56175231933594,149.38882446289062,0.11332295835018158,192.53729248046875,136.4189453125,0.17003096640110016,149.5735626220703,166.3494415283203,0.171083465218544,256.48333740234375,185.305419921875,0.14346171915531158,143.57861328125,152.3818817138672,0.050606127828359604,247.4909210205078,221.22201538085938,0.08061766624450684,187.54151916503906,165.3517608642578,0.06652600318193436,209.52296447753906,156.3726043701172,0.07392461597919464,183.54489135742188,196.27993774414062,0.07302621752023697,253.48585510253906,181.31468200683594,0.060859791934490204,248.49008178710938,228.20578002929688,0.11942792683839798,173.55331420898438,237.1849365234375,0.1720929592847824,-1.0,-1.0,-1.0,-1.0,-1.0,-1.0,-1.0,-1.0,-1.0,-1.0,-1.0,-1.0,-1.0,-1.0,-1.0,-1.0,-1.0,-1.0,-1.0,-1.0,-1.0,-1.0,-1.0,-1.0,-1.0,-1.0,-1.0,-1.0,-1.0,-1.0,-1.0,-1.0,-1.0,-1.0,-1.0,-1.0,-1.0,-1.0,-1.0,-1.0,-1.0,-1.0,-1.0,-1.0,-1.0,-1.0,-1.0,-1.0,-1.0,-1.0,-1.0
37,163.54344177246094,135.2350311279297,0.01307810377329588,152.5777587890625,173.8614959716797,0.03553706035017967,163.54344177246094,135.2350311279297,0.03321912884712219,156.56527709960938,146.1296844482422,0.049405425786972046,167.53097534179688,135.2350311279297,0.048775531351566315,162.54656982421875,149.1009521484375,0.1184418648481369,192.4530029296875,135.2350311279297,0.13168007135391235,149.5871124267578,167.91896057128906,0.15416628122329712,256.2533874511719,184.75613403320312,0.13221341371536255,142.6089324951172,151.081787109375,0.05091887339949608,247.28146362304688,221.40176391601562,0.07251095771789551,187.46859741210938,165.93812561035156,0.08018824458122253,209.3999786376953,157.02432250976562,0.07516368478536606,184.4779510498047,195.65078735351562,0.07868721336126328,254.2596435546875,182.77529907226562,0.05790901556611061,248.27835083007812,228.334716796875,0.12170367687940598,174.50914001464844,237.24851989746094,0.17172393202781677,-1.0,-1.0,-1.0,-1.0,-1.0,-1.0,-1.0,-1.0,-1.0,-1.0,-1.0,-1.0,-1.0,-1.0,-1.0,-1.0,-1.0,-1.0,-1.0,-1.0,-1.0,-1.0,-1.0,-1.0,-1.0,-1.0,-1.0,-1.0,-1.0,-1.0,-1.0,-1.0,-1.0,-1.0,-1.0,-1.0,-1.0,-1.0,-1.0,-1.0,-1.0,-1.0,-1.0,-1.0,-1.0,-1.0,-1.0,-1.0,-1.0,-1.0,-1.0
38,143.9878387451172,156.31448364257812,0.018713252618908882,143.9878387451172,147.31585693359375,0.053731318563222885,148.95193481445312,141.3167724609375,0.034870050847530365,143.9878387451172,149.3155517578125,0.06384941935539246,149.9447479248047,146.31600952148438,0.03510049358010292,160.86575317382812,150.31539916992188,0.07925428450107574,188.66468811035156,137.3173828125,0.12437006831169128,148.95193481445312,164.31326293945312,0.10179079324007034,254.19073486328125,185.31005859375,0.12209148705005646,246.24818420410156,222.30441284179688,0.0582251101732254,246.24818420410156,222.30441284179688,0.05650714784860611,187.671875,165.3131103515625,0.07333239912986755,208.52105712890625,157.3143310546875,0.06988628208637238,182.707763671875,195.30853271484375,0.08484641462564468,254.19073486328125,184.31021118164062,0.09125398844480515,247.24099731445312,228.30349731445312,0.15319083631038666,170.7939453125,237.3021240234375,0.09132357686758041,-1.0,-1.0,-1.0,-1.0,-1.0,-1.0,-1.0,-1.0,-1.0,-1.0,-1.0,-1.0,-1.0,-1.0,-1.0,-1.0,-1.0,-1.0,-1.0,-1.0,-1.0,-1.0,-1.0,-1.0,-1.0,-1.0,-1.0,-1.0,-1.0,-1.0,-1.0,-1.0,-1.0,-1.0,-1.0,-1.0,-1.0,-1.0,-1.0,-1.0,-1.0,-1.0,-1.0,-1.0,-1.0,-1.0,-1.0,-1.0,-1.0,-1.0,-1.0
39,142.54751586914062,163.95809936523438,0.024045974016189575,142.54751586914062,159.9921417236328,0.023088140413165092,189.36260986328125,133.2219696044922,0.027972090989351273,156.492431640625,140.16238403320312,0.03659079223871231,182.39015197753906,133.2219696044922,0.05164362117648125,162.46884155273438,149.08578491210938,0.09969114512205124,190.35867309570312,137.18792724609375,0.12066889554262161,147.52784729003906,160.98362731933594,0.08536448329687119,255.1029510498047,185.7708282470703,0.11039935797452927,169.44129943847656,232.37075805664062,0.0785113051533699,246.13836669921875,222.4558868408203,0.0953713208436966,184.3822784423828,167.92404174804688,0.07394968718290329,212.27212524414062,157.01768493652344,0.08965124189853668,181.3940887451172,198.66017150878906,0.09834372252225876,253.11080932617188,183.78785705566406,0.12867619097232819,169.44129943847656,237.3282012939453,0.1077876016497612,247.13442993164062,228.40481567382812,0.14033883810043335,-1.0,-1.0,-1.0,-1.0,-1.0,-1.0,-1.0,-1.0,-1.0,-1.0,-1.0,-1.0,-1.0,-1.0,-1.0,-1.0,-1.0,-1.0,-1.0,-1.0,-1.0,-1.0,-1.0,-1.0,-1.0,-1.0,-1.0,-1.0,-1.0,-1.0,-1.0,-1.0,-1.0,-1.0,-1.0,-1.0,-1.0,-1.0,-1.0,-1.0,-1.0,-1.0,-1.0,-1.0,-1.0,-1.0,-1.0,-1.0,-1.0,-1.0,-1.0
40,142.16354370117188,162.34970092773438,0.028564706444740295,142.16354370117188,156.37484741210938,0.037907280027866364,181.91464233398438,133.47119140625,0.014957817271351814,153.0950927734375,145.42091369628906,0.030292702838778496,161.04531860351562,135.4628143310547,0.03520554304122925,162.03909301757812,148.40835571289062,0.12970726191997528,187.8773193359375,136.4586181640625,0.1493847370147705,147.13243103027344,160.3580780029297,0.20566298067569733,254.46041870117188,185.25335693359375,0.1546841263771057,168.99554443359375,233.0522918701172,0.0989721342921257,246.51019287109375,222.09835815429688,0.10755164921283722,184.89598083496094,168.32456970214844,0.0696897804737091,211.72796630859375,156.37484741210938,0.10174992680549622,177.93954467773438,200.19052124023438,0.11140093207359314,253.4666290283203,184.25755310058594,0.15846039354801178,168.99554443359375,238.03134155273438,0.08050286769866943,246.51019287109375,229.0690460205078,0.14832331240177155,-1.0,-1.0,-1.0,-1.0,-1.0,-1.0,-1.0,-1.0,-1.0,-1.0,-1.0,-1.0,-1.0,-1.0,-1.0,-1.0,-1.0,-1.0,-1.0,-1.0,-1.0,-1.0,-1.0,-1.0,-1.0,-1.0,-1.0,-1.0,-1.0,-1.0,-1.0,-1.0,-1.0,-1.0,-1.0,-1.0,-1.0,-1.0,-1.0,-1.0,-1.0,-1.0,-1.0,-1.0,-1.0,-1.0,-1.0,-1.0,-1.0,-1.0,-1.0
41,144.9033966064453,160.13027954101562,0.10961633175611496,143.90908813476562,156.15760803222656,0.15895573794841766,143.90908813476562,164.10293579101562,0.04678410291671753,145.897705078125,153.17811584472656,0.09240619838237762,160.81228637695312,137.28744506835938,0.08271513879299164,160.81228637695312,159.13711547851562,0.03822964429855347,190.6414337158203,137.28744506835938,0.15709252655506134,172.7439422607422,171.05511474609375,0.0781000405550003,217.4876708984375,148.2122802734375,0.20709192752838135,168.7667236328125,232.63143920898438,0.08355342596769333,246.322509765625,223.69293212890625,0.022758137434720993,187.65850830078125,167.0824432373047,0.04791436716914177,211.52183532714844,157.15077209472656,0.07936087995767593,253.28265380859375,185.95260620117188,0.053531255573034286,252.288330078125,182.97311401367188,0.08568210154771805,247.3168182373047,229.6519317626953,0.1562226563692093,247.3168182373047,228.6587677001953,0.07604598999023438,-1.0,-1.0,-1.0,-1.0,-1.0,-1.0,-1.0,-1.0,-1.0,-1.0,-1.0,-1.0,-1.0,-1.0,-1.0,-1.0,-1.0,-1.0,-1.0,-1.0,-1.0,-1.0,-1.0,-1.0,-1.0,-1.0,-1.0,-1.0,-1.0,-1.0,-1.0,-1.0,-1.0,-1.0,-1.0,-1.0,-1.0,-1.0,-1.0,-1.0,-1.0,-1.0,-1.0,-1.0,-1.0,-1.0,-1.0,-1.0,-1.0,-1.0,-1.0
42,145.54237365722656,162.69696044921875,0.09939903020858765,143.5511474609375,156.73883056640625,0.11428643763065338,142.5555419921875,162.69696044921875,0.0710589587688446,145.54237365722656,153.75978088378906,0.11985064297914505,159.48085021972656,138.86447143554688,0.05917012318968773,160.47645568847656,160.71092224121094,0.03696567565202713,188.35342407226562,134.8923797607422,0.10194262862205505,172.42373657226562,170.64112854003906,0.08843608945608139,220.21282958984375,146.80862426757812,0.21566824615001678,168.44131469726562,233.201416015625,0.08712389320135117,222.20404052734375,134.8923797607422,0.04457965865731239,186.36221313476562,168.65509033203125,0.048021864145994186,212.24798583984375,157.7318572998047,0.08401531726121902,179.39297485351562,201.42477416992188,0.06384867429733276,253.06784057617188,184.5434112548828,0.09401687979698181,247.09420776367188,229.22933959960938,0.16152624785900116,247.09420776367188,229.22933959960938,0.09167259931564331,-1.0,-1.0,-1.0,-1.0,-1.0,-1.0,-1.0,-1.0,-1.0,-1.0,-1.0,-1.0,-1.0,-1.0,-1.0,-1.0,-1.0,-1.0,-1.0,-1.0,-1.0,-1.0,-1.0,-1.0,-1.0,-1.0,-1.0,-1.0,-1.0,-1.0,-1.0,-1.0,-1.0,-1.0,-1.0,-1.0,-1.0,-1.0,-1.0,-1.0,-1.0,-1.0,-1.0,-1.0,-1.0,-1.0,-1.0,-1.0,-1.0,-1.0,-1.0
43,157.60418701171875,41.812965393066406,0.40878546237945557,160.60113525390625,37.817989349365234,0.3877837657928467,154.60720825195312,38.816734313964844,0.3265688121318817,164.59710693359375,37.817989349365234,0.5051277875900269,150.61126708984375,38.816734313964844,0.4434506595134735,172.58900451660156,53.79788589477539,0.37420454621315,145.61631774902344,53.79788589477539,0.33752307295799255,187.57383728027344,64.78406524658203,0.25309085845947266,131.63047790527344,65.78280639648438,0.1971711665391922,209.55157470703125,57.79286193847656,0.28368911147117615,125.63655090332031,53.79788589477539,0.13173674046993256,167.59405517578125,100.73883056640625,0.14955298602581024,148.61328125,100.73883056640625,0.14560145139694214,168.59304809570312,129.702392578125,0.10416831821203232,149.61227416992188,130.70114135742188,0.10720362514257431,211.549560546875,55.795372009277344,0.10412497818470001,149.61227416992188,136.693603515625,0.07103940844535828,-1.0,-1.0,-1.0,-1.0,-1.0,-1.0,-1.0,-1.0,-1.0,-1.0,-1.0,-1.0,-1.0,-1.0,-1.0,-1.0,-1.0,-1.0,-1.0,-1.0,-1.0,-1.0,-1.0,-1.0,-1.0,-1.0,-1.0,-1.0,-1.0,-1.0,-1.0,-1.0,-1.0,-1.0,-1.0,-1.0,-1.0,-1.0,-1.0,-1.0,-1.0,-1.0,-1.0,-1.0,-1.0,-1.0,-1.0,-1.0,-1.0,-1.0,-1.0
44,160.27288818359375,38.54438781738281,0.34943917393684387,163.25784301757812,35.55682373046875,0.3313053250312805,157.28793334960938,35.55682373046875,0.43060290813446045,167.23779296875,36.552677154541016,0.5632207989692688,153.30799865722656,37.54853057861328,0.5046601295471191,175.19766235351562,53.482200622558594,0.31873059272766113,147.3380889892578,53.482200622558594,0.2978649437427521,192.11241149902344,64.43659973144531,0.37759092450141907,134.40328979492188,63.44074249267578,0.18060973286628723,213.00709533691406,57.46561813354492,0.2606875002384186,124.45343780517578,60.45317840576172,0.1445104479789734,171.2177276611328,102.279052734375,0.13345497846603394,152.31301879882812,102.279052734375,0.15357756614685059,171.2177276611328,139.1256561279297,0.08820284157991409,153.30799865722656,139.1256561279297,0.09330038726329803,170.22274780273438,139.1256561279297,0.03923087939620018,153.30799865722656,139.1256561279297,0.12772418558597565,-1.0,-1.0,-1.0,-1.0,-1.0,-1.0,-1.0,-1.0,-1.0,-1.0,-1.0,-1.0,-1.0,-1.0,-1.0,-1.0,-1.0,-1.0,-1.0,-1.0,-1.0,-1.0,-1.0,-1.0,-1.0,-1.0,-1.0,-1.0,-1.0,-1.0,-1.0,-1.0,-1.0,-1.0,-1.0,-1.0,-1.0,-1.0,-1.0,-1.0,-1.0,-1.0,-1.0,-1.0,-1.0,-1.0,-1.0,-1.0,-1.0,-1.0,-1.0
45,160.610107421875,39.099945068359375,0.3679906129837036,162.5979766845703,36.110145568847656,0.4181675314903259,157.62832641601562,36.110145568847656,0.47418057918548584,167.56761169433594,36.110145568847656,0.461226224899292,153.65261840820312,38.10334396362305,0.41304126381874084,175.51904296875,53.052337646484375,0.32443228363990784,147.6890411376953,53.052337646484375,0.2620547413825989,191.42190551757812,64.01493072509766,0.311776727437973,134.76797485351562,64.01493072509766,0.14729933440685272,213.288330078125,57.038734436035156,0.23177385330200195,129.79832458496094,62.021732330322266,0.1379186362028122,171.5433349609375,100.88911437988281,0.11593098193407059,151.66476440429688,100.88911437988281,0.12486442923545837,171.5433349609375,133.77688598632812,0.08390428125858307,153.65261840820312,137.76329040527344,0.060189031064510345,214.28225708007812,56.04213333129883,0.05240409076213837,153.65261840820312,137.76329040527344,0.08416638523340225,-1.0,-1.0,-1.0,-1.0,-1.0,-1.0,-1.0,-1.0,-1.0,-1.0,-1.0,-1.0,-1.0,-1.0,-1.0,-1.0,-1.0,-1.0,-1.0,-1.0,-1.0,-1.0,-1.0,-1.0,-1.0,-1.0,-1.0,-1.0,-1.0,-1.0,-1.0,-1.0,-1.0,-1.0,-1.0,-1.0,-1.0,-1.0,-1.0,-1.0,-1.0,-1.0,-1.0,-1.0,-1.0,-1.0,-1.0,-1.0,-1.0,-1.0,-1.0
46,159.45526123046875,39.14909362792969,0.3365229666233063,161.4403839111328,36.16429901123047,0.38890039920806885,156.47755432128906,36.16429901123047,0.3169470429420471,165.41065979003906,37.15923309326172,0.499727338552475,151.51470947265625,37.15923309326172,0.48120012879371643,173.3511962890625,53.078128814697266,0.30294519662857056,145.55931091308594,52.08319854736328,0.28476348519325256,188.2397003173828,64.02236938476562,0.3672940731048584,134.64108276367188,64.02236938476562,0.21969842910766602,209.08360290527344,58.05278396606445,0.198586568236351,119.75257110595703,58.05278396606445,0.2073248028755188,168.3883514404297,102.8246841430664,0.11908364295959473,149.5295867919922,102.8246841430664,0.13036659359931946,169.38092041015625,129.6878204345703,0.1944262981414795,150.52215576171875,129.6878204345703,0.16198351979255676,212.06130981445312,56.062923431396484,0.06242949888110161,151.51470947265625,129.6878204345703,0.042009640485048294,-1.0,-1.0,-1.0,-1.0,-1.0,-1.0,-1.0,-1.0,-1.0,-1.0,-1.0,-1.0,-1.0,-1.0,-1.0,-1.0,-1.0,-1.0,-1.0,-1.0,-1.0,-1.0,-1.0,-1.0,-1.0,-1.0,-1.0,-1.0,-1.0,-1.0,-1.0,-1.0,-1.0,-1.0,-1.0,-1.0,-1.0,-1.0,-1.0,-1.0,-1.0,-1.0,-1.0,-1.0,-1.0,-1.0,-1.0,-1.0,-1.0,-1.0,-1.0
47,153.60275268554688,128.2333984375,0.03663310408592224,153.60275268554688,129.22723388671875,0.03183872252702713,153.60275268554688,118.29499053955078,0.016751853749155998,153.60275268554688,128.2333984375,0.1873822957277298,157.5885772705078,127.23956298828125,0.11433974653482437,179.51058959960938,162.0240020751953,0.0571485236287117,187.4822235107422,137.177978515625,0.11880084127187729,176.52120971679688,167.987060546875,0.04296083375811577,213.39004516601562,131.2149200439453,0.1569627821445465,209.40423583984375,231.5928955078125,0.04626787453889847,219.3687744140625,115.31346130371094,0.14489920437335968,185.48931884765625,169.9747314453125,0.0950741097331047,207.41131591796875,160.03631591796875,0.08877012878656387,181.5034942626953,198.796142578125,0.05846617370843887,251.25534057617188,183.88851928710938,0.03919787332415581,244.2801513671875,226.62368774414062,0.13660310208797455,168.54957580566406,237.55593872070312,0.11200104653835297,-1.0,-1.0,-1.0,-1.0,-1.0,-1.0,-1.0,-1.0,-1.0,-1.0,-1.0,-1.0,-1.0,-1.0,-1.0,-1.0,-1.0,-1.0,-1.0,-1.0,-1.0,-1.0,-1.0,-1.0,-1.0,-1.0,-1.0,-1.0,-1.0,-1.0,-1.0,-1.0,-1.0,-1.0,-1.0,-1.0,-1.0,-1.0,-1.0,-1.0,-1.0,-1.0,-1.0,-1.0,-1.0,-1.0,-1.0,-1.0,-1.0,-1.0,-1.0
48,159.1377716064453,40.28436279296875,0.36180832982063293,161.13583374023438,37.2927131652832,0.3905441462993622,156.14068603515625,37.2927131652832,0.4296506643295288,166.1309814453125,36.29549789428711,0.5816957354545593,152.14456176757812,38.28993225097656,0.5567386150360107,174.1232147216797,53.24818420410156,0.42901256680488586,147.14942932128906,53.24818420410156,0.3821185231208801,190.10769653320312,64.21757507324219,0.3139297664165497,135.16107177734375,64.21757507324219,0.32318660616874695,211.08731079101562,58.23427200317383,0.2451426237821579,120.17562866210938,60.22870635986328,0.12690716981887817,170.12710571289062,103.10903930664062,0.16578833758831024,151.14553833007812,103.10903930664062,0.17823046445846558,170.12710571289062,136.01719665527344,0.08540313690900803,151.14553833007812,141.00328063964844,0.0874800980091095,211.08731079101562,134.02276611328125,0.026249295100569725,152.14456176757812,141.00328063964844,0.04481251910328865,-1.0,-1.0,-1.0,-1.0,-1.0,-1.0,-1.0,-1.0,-1.0,-1.0,-1.0,-1.0,-1.0,-1.0,-1.0,-1.0,-1.0,-1.0,-1.0,-1.0,-1.0,-1.0,-1.0,-1.0,-1.0,-1.0,-1.0,-1.0,-1.0,-1.0,-1.0,-1.0,-1.0,-1.0,-1.0,-1.0,-1.0,-1.0,-1.0,-1.0,-1.0,-1.0,-1.0,-1.0,-1.0,-1.0,-1.0,-1.0,-1.0,-1.0,-1.0
49,159.36822509765625,40.39093780517578,0.37672194838523865,161.3624267578125,37.39224624633789,0.42825567722320557,156.37689208984375,37.39224624633789,0.37471696734428406,165.35086059570312,37.39224624633789,0.49279507994651794,151.391357421875,38.39181137084961,0.5080739855766296,174.3248291015625,53.38526916503906,0.38592109084129333,146.40582275390625,53.38526916503906,0.3460226356983185,189.28143310546875,64.38047790527344,0.3295634686946869,134.4405517578125,64.38047790527344,0.282988578081131,210.22067260742188,58.38309097290039,0.2863219976425171,121.47815704345703,58.38309097290039,0.12013772875070572,169.33929443359375,103.36347198486328,0.1530737280845642,150.39425659179688,103.36347198486328,0.16287533938884735,170.33639526367188,138.34820556640625,0.1170293539762497,149.39715576171875,138.34820556640625,0.08893822878599167,214.2091064453125,55.3843994140625,0.044825080782175064,154.3826904296875,138.34820556640625,0.041754256933927536,-1.0,-1.0,-1.0,-1.0,-1.0,-1.0,-1.0,-1.0,-1.0,-1.0,-1.0,-1.0,-1.0,-1.0,-1.0,-1.0,-1.0,-1.0,-1.0,-1.0,-1.0,-1.0,-1.0,-1.0,-1.0,-1.0,-1.0,-1.0,-1.0,-1.0,-1.0,-1.0,-1.0,-1.0,-1.0,-1.0,-1.0,-1.0,-1.0,-1.0,-1.0,-1.0,-1.0,-1.0,-1.0,-1.0,-1.0,-1.0,-1.0,-1.0,-1.0
50,158.585693359375,40.4625244140625,0.4182533621788025,160.58160400390625,37.46685791015625,0.3721136152744293,156.5897979736328,37.46685791015625,0.4132373332977295,164.5734100341797,37.46685791015625,0.44265443086624146,151.60003662109375,38.465415954589844,0.5130894184112549,173.55496215820312,53.44374465942383,0.3839225769042969,145.61233520507812,53.44374465942383,0.37551984190940857,189.5221710205078,64.4278564453125,0.3103453814983368,134.6348876953125,63.429298400878906,0.31130701303482056,210.47914123535156,58.436519622802734,0.27980145812034607,121.6615219116211,59.43507385253906,0.1487409770488739,169.5631561279297,103.37150573730469,0.17180655896663666,150.6020965576172,103.37150573730469,0.17459943890571594,170.5611114501953,138.32093811035156,0.11062486469745636,151.60003662109375,138.32093811035156,0.0929948091506958,214.470947265625,54.442298889160156,0.05311761796474457,154.59390258789062,138.32093811035156,0.05280953645706177,-1.0,-1.0,-1.0,-1.0,-1.0,-1.0,-1.0,-1.0,-1.0,-1.0,-1.0,-1.0,-1.0,-1.0,-1.0,-1.0,-1.0,-1.0,-1.0,-1.0,-1.0,-1.0,-1.0,-1.0,-1.0,-1.0,-1.0,-1.0,-1.0,-1.0,-1.0,-1.0,-1.0,-1.0,-1.0,-1.0,-1.0,-1.0,-1.0,-1.0,-1.0,-1.0,-1.0,-1.0,-1.0,-1.0,-1.0,-1.0,-1.0,-1.0,-1.0
51,161.8883056640625,39.34013366699219,0.38402751088142395,164.87376403808594,36.35563659667969,0.46931180357933044,159.8979949951172,36.35563659667969,0.44569459557533264,167.85922241210938,36.35563659667969,0.5310124158859253,154.92222595214844,37.35047149658203,0.5053857564926147,176.81561279296875,52.27294158935547,0.38771557807922363,148.9512939453125,52.27294158935547,0.380086749792099,191.74293518066406,63.21609115600586,0.4120481312274933,138.00460815429688,63.21609115600586,0.3234245181083679,215.6266326904297,55.25743865966797,0.21330785751342773,122.0821304321289,59.23676681518555,0.14491643011569977,172.8350067138672,103.00935363769531,0.14513958990573883,152.93191528320312,102.0145263671875,0.16406787931919098,173.8301544189453,135.83880615234375,0.08152452856302261,152.93191528320312,141.8077850341797,0.06491649150848389,171.83984375,141.8077850341797,0.03191444277763367,153.92706298828125,141.8077850341797,0.056594859808683395,-1.0,-1.0,-1.0,-1.0,-1.0,-1.0,-1.0,-1.0,-1.0,-1.0,-1.0,-1.0,-1.0,-1.0,-1.0,-1.0,-1.0,-1.0,-1.0,-1.0,-1.0,-1.0,-1.0,-1.0,-1.0,-1.0,-1.0,-1.0,-1.0,-1.0,-1.0,-1.0,-1.0,-1.0,-1.0,-1.0,-1.0,-1.0,-1.0,-1.0,-1.0,-1.0,-1.0,-1.0,-1.0,-1.0,-1.0,-1.0,-1.0,-1.0,-1.0
52,161.8292999267578,38.65011215209961,0.3587605953216553,164.80482482910156,35.65190124511719,0.437481552362442,159.8456268310547,35.65190124511719,0.4305798411369324,168.77218627929688,36.65130615234375,0.4502131938934326,154.8864288330078,36.65130615234375,0.48503705859184265,176.70689392089844,52.64176940917969,0.35747551918029785,148.93539428710938,52.64176940917969,0.3583073914051056,192.57632446289062,63.635215759277344,0.397903174161911,138.02516174316406,62.63581085205078,0.32239848375320435,213.4049530029297,56.63938522338867,0.20545202493667603,122.15572357177734,58.6381950378418,0.1407032012939453,172.73953247070312,102.61196899414062,0.14039641618728638,152.90274047851562,102.61196899414062,0.15392321348190308,173.73138427734375,135.59230041503906,0.0812084898352623,152.90274047851562,141.58872985839844,0.06162003055214882,171.74769592285156,141.58872985839844,0.029206309467554092,153.89459228515625,141.58872985839844,0.05292482301592827,-1.0,-1.0,-1.0,-1.0,-1.0,-1.0,-1.0,-1.0,-1.0,-1.0,-1.0,-1.0,-1.0,-1.0,-1.0,-1.0,-1.0,-1.0,-1.0,-1.0,-1.0,-1.0,-1.0,-1.0,-1.0,-1.0,-1.0,-1.0,-1.0,-1.0,-1.0,-1.0,-1.0,-1.0,-1.0,-1.0,-1.0,-1.0,-1.0,-1.0,-1.0,-1.0,-1.0,-1.0,-1.0,-1.0,-1.0,-1.0,-1.0,-1.0,-1.0
53,160.25640869140625,38.74342346191406,0.45806142687797546,162.2440948486328,35.755157470703125,0.47819578647613525,157.27490234375,35.755157470703125,0.5655972957611084,166.2194366455078,36.75124740600586,0.5967772603034973,152.30572509765625,36.75124740600586,0.6302871704101562,174.1701202392578,51.69256591796875,0.34949183464050293,146.34271240234375,51.69256591796875,0.34148362278938293,190.07150268554688,64.64170837402344,0.3177110254764557,136.40435791015625,62.6495361328125,0.17669835686683655,211.93588256835938,57.669097900390625,0.2836225926876068,120.50297546386719,60.6573600769043,0.09248998761177063,170.1947784423828,101.4969711303711,0.1590059995651245,151.3118896484375,100.50088500976562,0.17271806299686432,171.18861389160156,132.37570190429688,0.1388855278491974,150.31805419921875,131.37960815429688,0.132017582654953,170.1947784423828,142.33657836914062,0.0916125476360321,150.31805419921875,142.33657836914062,0.10647575557231903,-1.0,-1.0,-1.0,-1.0,-1.0,-1.0,-1.0,-1.0,-1.0,-1.0,-1.0,-1.0,-1.0,-1.0,-1.0,-1.0,-1.0,-1.0,-1.0,-1.0,-1.0,-1.0,-1.0,-1.0,-1.0,-1.0,-1.0,-1.0,-1.0,-1.0,-1.0,-1.0,-1.0,-1.0,-1.0,-1.0,-1.0,-1.0,-1.0,-1.0,-1.0,-1.0,-1.0,-1.0,-1.0,-1.0,-1.0,-1.0,-1.0,-1.0,-1.0
54,163.00267028808594,39.01197052001953,0.46356338262557983,165.00193786621094,35.01271057128906,0.6368797421455383,160.00375366210938,35.01271057128906,0.5626894235610962,169.00048828125,36.01252365112305,0.5136635303497314,155.00558471679688,37.0123405456543,0.5870705842971802,175.99794006347656,52.00956726074219,0.3426882028579712,148.00811767578125,52.00956726074219,0.28164544701576233,192.99176025390625,64.0073471069336,0.3988583981990814,137.0121307373047,64.0073471069336,0.22577697038650513,210.98519897460938,59.008270263671875,0.22033867239952087,127.0157699584961,64.0073471069336,0.0737413540482521,171.9993896484375,99.0008773803711,0.15567399561405182,153.0063018798828,99.0008773803711,0.19192850589752197,170.999755859375,128.99533081054688,0.08754508942365646,151.0070343017578,128.99533081054688,0.12473011016845703,167.001220703125,145.9921875,0.08668820559978485,149.0077667236328,145.9921875,0.1357259601354599,-1.0,-1.0,-1.0,-1.0,-1.0,-1.0,-1.0,-1.0,-1.0,-1.0,-1.0,-1.0,-1.0,-1.0,-1.0,-1.0,-1.0,-1.0,-1.0,-1.0,-1.0,-1.0,-1.0,-1.0,-1.0,-1.0,-1.0,-1.0,-1.0,-1.0,-1.0,-1.0,-1.0,-1.0,-1.0,-1.0,-1.0,-1.0,-1.0,-1.0,-1.0,-1.0,-1.0,-1.0,-1.0,-1.0,-1.0,-1.0,-1.0,-1.0,-1.0
55,162.75205993652344,39.21476745605469,0.5244091749191284,165.74557495117188,35.23041534423828,0.518579363822937,159.75856018066406,36.22650146484375,0.5576377511024475,168.73907470703125,36.22650146484375,0.5463598966598511,154.76937866210938,37.222591400146484,0.6290878653526306,176.72174072265625,52.163917541503906,0.3587455749511719,147.7845458984375,52.163917541503906,0.354233980178833,192.68710327148438,63.12089538574219,0.36096274852752686,134.8126983642578,64.11698150634766,0.20155303180217743,211.6459503173828,59.136539459228516,0.22001765668392181,122.83868408203125,57.14436340332031,0.10772033035755157,170.7347412109375,99.9761734008789,0.17935407161712646,152.77371215820312,98.9800796508789,0.20904482901096344,170.7347412109375,129.85882568359375,0.11297664046287537,151.77587890625,130.85491943359375,0.12501592934131622,170.7347412109375,144.80015563964844,0.09479312598705292,151.77587890625,144.80015563964844,0.12656019628047943,-1.0,-1.0,-1.0,-1.0,-1.0,-1.0,-1.0,-1.0,-1.0,-1.0,-1.0,-1.0,-1.0,-1.0,-1.0,-1.0,-1.0,-1.0,-1.0,-1.0,-1.0,-1.0,-1.0,-1.0,-1.0,-1.0,-1.0,-1.0,-1.0,-1.0,-1.0,-1.0,-1.0,-1.0,-1.0,-1.0,-1.0,-1.0,-1.0,-1.0,-1.0,-1.0,-1.0,-1.0,-1.0,-1.0,-1.0,-1.0,-1.0,-1.0,-1.0
56,148.19137573242188,143.8077392578125,0.02242252603173256,146.19656372070312,142.8115234375,0.03787990286946297,144.2017364501953,142.8115234375,0.05191881209611893,151.18360900878906,146.79640197753906,0.05343463271856308,156.170654296875,141.81529235839844,0.04292251914739609,161.15771484375,148.78883361816406,0.10507453978061676,188.08779907226562,136.83419799804688,0.14910848438739777,149.18878173828125,163.7321319580078,0.14255563914775848,220.00491333007812,151.77749633789062,0.07563216984272003,135.2250518798828,143.8077392578125,0.07593255490064621,222.99716186523438,129.86065673828125,0.1013503149151802,184.09814453125,165.72457885742188,0.08705771714448929,214.0204620361328,159.74725341796875,0.0794774740934372,180.10850524902344,200.59226989746094,0.15721385180950165,251.92205810546875,183.65652465820312,0.09552860260009766,245.93759155273438,228.48641967773438,0.08458025753498077,170.1343994140625,238.4486083984375,0.19348932802677155,-1.0,-1.0,-1.0,-1.0,-1.0,-1.0,-1.0,-1.0,-1.0,-1.0,-1.0,-1.0,-1.0,-1.0,-1.0,-1.0,-1.0,-1.0,-1.0,-1.0,-1.0,-1.0,-1.0,-1.0,-1.0,-1.0,-1.0,-1.0,-1.0,-1.0,-1.0,-1.0,-1.0,-1.0,-1.0,-1.0,-1.0,-1.0,-1.0,-1.0,-1.0,-1.0,-1.0,-1.0,-1.0,-1.0,-1.0,-1.0,-1.0,-1.0,-1.0
57,148.7585906982422,143.99288940429688,0.025865621864795685,146.77264404296875,143.99288940429688,0.05910806357860565,145.77967834472656,143.99288940429688,0.053093403577804565,151.73748779296875,145.975830078125,0.059114787727594376,156.70233154296875,141.0184783935547,0.05680112913250923,161.66717529296875,147.9587860107422,0.10245446115732193,188.47732543945312,137.05259704589844,0.1628790944814682,148.7585906982422,163.82232666015625,0.1447533220052719,219.25933837890625,151.92466735839844,0.09239442646503448,135.84999084472656,143.99288940429688,0.060611117631196976,223.231201171875,130.1123046875,0.09499511122703552,183.51248168945312,165.80526733398438,0.08602475374937057,212.30856323242188,157.8734893798828,0.07741862535476685,179.5406036376953,200.50674438476562,0.14364175498485565,252.02728271484375,183.6517333984375,0.10002997517585754,246.06948852539062,228.2679443359375,0.09423879534006119,170.6038818359375,238.18264770507812,0.18957272171974182,-1.0,-1.0,-1.0,-1.0,-1.0,-1.0,-1.0,-1.0,-1.0,-1.0,-1.0,-1.0,-1.0,-1.0,-1.0,-1.0,-1.0,-1.0,-1.0,-1.0,-1.0,-1.0,-1.0,-1.0,-1.0,-1.0,-1.0,-1.0,-1.0,-1.0,-1.0,-1.0,-1.0,-1.0,-1.0,-1.0,-1.0,-1.0,-1.0,-1.0,-1.0,-1.0,-1.0,-1.0,-1.0,-1.0,-1.0,-1.0,-1.0,-1.0,-1.0
58,160.7457275390625,39.554351806640625,0.46136558055877686,163.74317932128906,36.560279846191406,0.5878061652183533,158.74742126464844,36.560279846191406,0.4967644512653351,167.7397918701172,36.560279846191406,0.5561339259147644,153.75164794921875,37.55830383300781,0.5375615358352661,175.73301696777344,52.52865219116211,0.34308454394340515,147.75674438476562,52.52865219116211,0.3125641942024231,191.71946716308594,63.50690841674805,0.2556145489215851,135.76690673828125,64.50492858886719,0.16866236925125122,214.69998168945312,56.52074432373047,0.19000829756259918,132.76943969726562,73.48713684082031,0.141619011759758,170.73724365234375,100.43376922607422,0.15438991785049438,151.7533416748047,100.43376922607422,0.15906377136707306,170.73724365234375,134.36654663085938,0.1766369789838791,151.7533416748047,134.36654663085938,0.19362489879131317,219.69573974609375,53.526676177978516,0.04046127200126648,151.7533416748047,134.36654663085938,0.11477495729923248,-1.0,-1.0,-1.0,-1.0,-1.0,-1.0,-1.0,-1.0,-1.0,-1.0,-1.0,-1.0,-1.0,-1.0,-1.0,-1.0,-1.0,-1.0,-1.0,-1.0,-1.0,-1.0,-1.0,-1.0,-1.0,-1.0,-1.0,-1.0,-1.0,-1.0,-1.0,-1.0,-1.0,-1.0,-1.0,-1.0,-1.0,-1.0,-1.0,-1.0,-1.0,-1.0,-1.0,-1.0,-1.0,-1.0,-1.0,-1.0,-1.0,-1.0,-1.0
59,161.20689392089844,38.9101448059082,0.3852280080318451,163.19757080078125,35.92860412597656,0.4432877004146576,158.22088623046875,35.92860412597656,0.43749454617500305,168.17422485351562,35.92860412597656,0.43146640062332153,154.23956298828125,37.916297912597656,0.5402015447616577,175.14157104492188,51.83015060424805,0.3341629207134247,148.26754760742188,52.823997497558594,0.27157342433929443,191.06692504882812,62.7624626159668,0.2525055706501007,134.33287048339844,63.756309509277344,0.16954666376113892,211.96893310546875,57.79322814941406,0.2368481457233429,132.3422088623047,73.69477844238281,0.07262301445007324,171.1602325439453,99.53478240966797,0.14177970588207245,152.24888610839844,99.53478240966797,0.13063345849514008,172.15557861328125,135.31326293945312,0.12647302448749542,152.24888610839844,135.31326293945312,0.13953115046024323,213.9595947265625,55.80553436279297,0.045373108237981796,151.25355529785156,135.31326293945312,0.13652919232845306,-1.0,-1.0,-1.0,-1.0,-1.0,-1.0,-1.0,-1.0,-1.0,-1.0,-1.0,-1.0,-1.0,-1.0,-1.0,-1.0,-1.0,-1.0,-1.0,-1.0,-1.0,-1.0,-1.0,-1.0,-1.0,-1.0,-1.0,-1.0,-1.0,-1.0,-1.0,-1.0,-1.0,-1.0,-1.0,-1.0,-1.0,-1.0,-1.0,-1.0,-1.0,-1.0,-1.0,-1.0,-1.0,-1.0,-1.0,-1.0,-1.0,-1.0,-1.0
60,157.90774536132812,139.22543334960938,0.05858985707163811,141.96092224121094,160.17848205566406,0.10070271790027618,150.93101501464844,142.21871948242188,0.06385475397109985,148.93765258789062,150.20083618164062,0.12749773263931274,153.92103576660156,148.20530700683594,0.1056942343711853,160.89776611328125,152.1963653564453,0.07052116096019745,189.80136108398438,138.2276611328125,0.09030114114284515,150.93101501464844,170.1561279296875,0.14262670278549194,256.5786437988281,185.12258911132812,0.1027209460735321,248.605224609375,222.0398712158203,0.03993755951523781,173.85455322265625,237.00633239746094,0.021100308746099472,186.81134033203125,165.16729736328125,0.10771097242832184,208.7382049560547,157.1851806640625,0.10368233174085617,182.8246307373047,199.09127807617188,0.08339661359786987,176.84457397460938,206.0756378173828,0.040989216417074203,247.60855102539062,227.0286865234375,0.1530596911907196,172.85787963867188,237.00633239746094,0.2722734212875366,-1.0,-1.0,-1.0,-1.0,-1.0,-1.0,-1.0,-1.0,-1.0,-1.0,-1.0,-1.0,-1.0,-1.0,-1.0,-1.0,-1.0,-1.0,-1.0,-1.0,-1.0,-1.0,-1.0,-1.0,-1.0,-1.0,-1.0,-1.0,-1.0,-1.0,-1.0,-1.0,-1.0,-1.0,-1.0,-1.0,-1.0,-1.0,-1.0,-1.0,-1.0,-1.0,-1.0,-1.0,-1.0,-1.0,-1.0,-1.0,-1.0,-1.0,-1.0
61,159.2184295654297,138.0247039794922,0.14584241807460785,161.20501708984375,137.027587890625,0.07558675110340118,155.2452392578125,139.02182006835938,0.15431681275367737,154.25193786621094,147.99588012695312,0.10389135032892227,155.2452392578125,146.00164794921875,0.13297784328460693,163.19161987304688,149.9901123046875,0.0873417854309082,191.00392150878906,138.0247039794922,0.17516981065273285,150.27874755859375,167.938232421875,0.10966768115758896,257.5548095703125,186.88348388671875,0.16400885581970215,248.61514282226562,223.77685546875,0.04038878157734871,171.1379852294922,140.01893615722656,0.042391128838062286,189.017333984375,165.94400024414062,0.11333098262548447,211.8631591796875,157.96705627441406,0.10446250438690186,182.0642547607422,199.84600830078125,0.11749833822250366,186.03744506835938,192.86619567871094,0.0601007305085659,248.61514282226562,227.76531982421875,0.14112280309200287,173.12457275390625,237.73651123046875,0.21651704609394073,-1.0,-1.0,-1.0,-1.0,-1.0,-1.0,-1.0,-1.0,-1.0,-1.0,-1.0,-1.0,-1.0,-1.0,-1.0,-1.0,-1.0,-1.0,-1.0,-1.0,-1.0,-1.0,-1.0,-1.0,-1.0,-1.0,-1.0,-1.0,-1.0,-1.0,-1.0,-1.0,-1.0,-1.0,-1.0,-1.0,-1.0,-1.0,-1.0,-1.0,-1.0,-1.0,-1.0,-1.0,-1.0,-1.0,-1.0,-1.0,-1.0,-1.0,-1.0
62,159.40760803222656,137.68370056152344,0.17378734052181244,161.39675903320312,137.68370056152344,0.08052374422550201,156.4238739013672,138.67520141601562,0.1751808524131775,152.445556640625,148.5901336669922,0.10682414472103119,155.42929077148438,145.6156463623047,0.1466694176197052,162.39134216308594,150.5731201171875,0.1355399340391159,190.23956298828125,137.68370056152344,0.19152970612049103,149.46182250976562,167.4285125732422,0.08941366523504257,256.8763732910156,187.2583770751953,0.1779092252254486,176.31546020507812,231.87557983398438,0.049991294741630554,247.92515563964844,222.9521484375,0.04880763962864876,189.24497985839844,165.44552612304688,0.12462902069091797,212.12030029296875,157.51358032226562,0.11715749651193619,182.28292846679688,201.1392822265625,0.13845176994800568,255.8817901611328,185.275390625,0.05842356011271477,248.91973876953125,227.90960693359375,0.14236149191856384,174.3262939453125,237.82455444335938,0.24432791769504547,-1.0,-1.0,-1.0,-1.0,-1.0,-1.0,-1.0,-1.0,-1.0,-1.0,-1.0,-1.0,-1.0,-1.0,-1.0,-1.0,-1.0,-1.0,-1.0,-1.0,-1.0,-1.0,-1.0,-1.0,-1.0,-1.0,-1.0,-1.0,-1.0,-1.0,-1.0,-1.0,-1.0,-1.0,-1.0,-1.0,-1.0,-1.0,-1.0,-1.0,-1.0,-1.0,-1.0,-1.0,-1.0,-1.0,-1.0,-1.0,-1.0,-1.0,-1.0
63,218.42660522460938,135.48719787597656,0.07728768140077591,222.40435791015625,131.4900360107422,0.1446784883737564,150.80490112304688,141.48294067382812,0.028833746910095215,146.8271484375,147.47869873046875,0.055476315319538116,153.7882080078125,145.48011779785156,0.10122748464345932,162.73814392089844,147.47869873046875,0.04445631429553032,186.60462951660156,136.4864959716797,0.06015743687748909,145.8327178955078,161.46876525878906,0.08416126668453217,255.22076416015625,187.45034790039062,0.20335105061531067,173.6769561767578,233.417724609375,0.0786495953798294,246.27084350585938,223.42481994628906,0.10527770966291428,186.60462951660156,165.4659423828125,0.08011706918478012,211.46554565429688,157.4716033935547,0.059876132756471634,180.63800048828125,200.44113159179688,0.1270885169506073,253.23190307617188,185.45175170898438,0.03915538266301155,171.68807983398438,238.4141845703125,0.07524684816598892,247.26528930664062,228.4212646484375,0.11530930548906326,-1.0,-1.0,-1.0,-1.0,-1.0,-1.0,-1.0,-1.0,-1.0,-1.0,-1.0,-1.0,-1.0,-1.0,-1.0,-1.0,-1.0,-1.0,-1.0,-1.0,-1.0,-1.0,-1.0,-1.0,-1.0,-1.0,-1.0,-1.0,-1.0,-1.0,-1.0,-1.0,-1.0,-1.0,-1.0,-1.0,-1.0,-1.0,-1.0,-1.0,-1.0,-1.0,-1.0,-1.0,-1.0,-1.0,-1.0,-1.0,-1.0,-1.0,-1.0
64,162.84519958496094,38.311614990234375,0.4197835326194763,164.8313751220703,35.315528869628906,0.49294862151145935,158.8728485107422,36.31422424316406,0.4035072326660156,167.81063842773438,36.31422424316406,0.5727978348731995,153.90740966796875,36.31422424316406,0.45491528511047363,175.75534057617188,52.29335021972656,0.3001219928264618,147.94888305664062,52.29335021972656,0.28271105885505676,190.65167236328125,63.278995513916016,0.2850228548049927,138.0179901123047,61.2816047668457,0.16627538204193115,213.49270629882812,57.28682327270508,0.2179233431816101,124.11475372314453,60.28290939331055,0.05029509216547012,170.78990173339844,99.23202514648438,0.14972254633903503,152.91432189941406,99.23202514648438,0.15673373639583588,171.78298950195312,130.1915740966797,0.11308591067790985,151.92123413085938,130.1915740966797,0.14571771025657654,168.80372619628906,138.18113708496094,0.08341003209352493,150.9281463623047,138.18113708496094,0.1206841692328453,-1.0,-1.0,-1.0,-1.0,-1.0,-1.0,-1.0,-1.0,-1.0,-1.0,-1.0,-1.0,-1.0,-1.0,-1.0,-1.0,-1.0,-1.0,-1.0,-1.0,-1.0,-1.0,-1.0,-1.0,-1.0,-1.0,-1.0,-1.0,-1.0,-1.0,-1.0,-1.0,-1.0,-1.0,-1.0,-1.0,-1.0,-1.0,-1.0,-1.0,-1.0,-1.0,-1.0,-1.0,-1.0,-1.0,-1.0,-1.0,-1.0,-1.0,-1.0
65,162.78073120117188,38.492252349853516,0.4663573205471039,164.76698303222656,35.49689483642578,0.5126641392707825,159.80136108398438,35.49689483642578,0.4270513355731964,168.73948669433594,36.49534606933594,0.5536393523216248,154.83572387695312,36.49534606933594,0.4675796926021576,176.6844940185547,52.470584869384766,0.33123406767845154,147.88385009765625,52.470584869384766,0.312175452709198,190.5882568359375,63.45355987548828,0.2568047046661377,135.96633911132812,62.455108642578125,0.1565268188714981,213.43016052246094,57.46284866333008,0.19969399273395538,132.98695373535156,72.43963623046875,0.055686309933662415,170.72573852539062,100.39630126953125,0.14725957810878754,151.85635375976562,99.39784240722656,0.1607256382703781,170.72573852539062,130.34986877441406,0.10117940604686737,151.85635375976562,130.34986877441406,0.1370476335287094,168.73948669433594,136.340576171875,0.07324828207492828,151.85635375976562,136.340576171875,0.11383852362632751,-1.0,-1.0,-1.0,-1.0,-1.0,-1.0,-1.0,-1.0,-1.0,-1.0,-1.0,-1.0,-1.0,-1.0,-1.0,-1.0,-1.0,-1.0,-1.0,-1.0,-1.0,-1.0,-1.0,-1.0,-1.0,-1.0,-1.0,-1.0,-1.0,-1.0,-1.0,-1.0,-1.0,-1.0,-1.0,-1.0,-1.0,-1.0,-1.0,-1.0,-1.0,-1.0,-1.0,-1.0,-1.0,-1.0,-1.0,-1.0,-1.0,-1.0,-1.0
66,158.93511962890625,137.35633850097656,0.048829831182956696,139.94081115722656,156.29837036132812,0.05023355409502983,158.93511962890625,135.3624267578125,0.03350144252181053,143.93960571289062,155.30142211914062,0.0775444358587265,159.934814453125,136.359375,0.08345100283622742,161.93421936035156,148.32278442382812,0.03604307770729065,185.9270477294922,138.35328674316406,0.07925296574831009,168.93212890625,171.25262451171875,0.03245878592133522,219.9168701171875,144.33497619628906,0.23938632011413574,170.93153381347656,233.06350708007812,0.06359387189149857,223.91567993164062,122.40208435058594,0.1466558873653412,182.92794799804688,169.25872802734375,0.10327156633138657,212.91897583007812,160.2861785888672,0.04932278022170067,177.929443359375,203.155029296875,0.11411358416080475,251.9073028564453,186.20687866210938,0.07841349393129349,244.90939331054688,228.07876586914062,0.071694515645504,169.93182373046875,238.0482635498047,0.09894531965255737,-1.0,-1.0,-1.0,-1.0,-1.0,-1.0,-1.0,-1.0,-1.0,-1.0,-1.0,-1.0,-1.0,-1.0,-1.0,-1.0,-1.0,-1.0,-1.0,-1.0,-1.0,-1.0,-1.0,-1.0,-1.0,-1.0,-1.0,-1.0,-1.0,-1.0,-1.0,-1.0,-1.0,-1.0,-1.0,-1.0,-1.0,-1.0,-1.0,-1.0,-1.0,-1.0,-1.0,-1.0,-1.0,-1.0,-1.0,-1.0,-1.0,-1.0,-1.0
67,138.78689575195312,154.0402069091797,0.02447376400232315,138.78689575195312,154.0402069091797,0.07630529254674911,159.6482391357422,136.1452178955078,0.034284159541130066,138.78689575195312,155.03436279296875,0.04531755670905113,160.6416473388672,136.1452178955078,0.05122153460979462,160.6416473388672,149.06936645507812,0.03768792375922203,185.47659301757812,138.133544921875,0.08143901079893112,207.33132934570312,212.69601440429688,0.0205678790807724,219.25210571289062,145.09271240234375,0.2067437320947647,223.2257080078125,123.22105407714844,0.07107654958963394,223.2257080078125,123.22105407714844,0.1557336002588272,183.4897918701172,167.95852661132812,0.10443533957004547,212.29832458496094,160.99935913085938,0.05610322579741478,178.52279663085938,202.75433349609375,0.10446852445602417,251.04083251953125,185.853515625,0.08734427392482758,169.58221435546875,237.55015563964844,0.08170262724161148,169.58221435546875,237.55015563964844,0.1570671945810318,-1.0,-1.0,-1.0,-1.0,-1.0,-1.0,-1.0,-1.0,-1.0,-1.0,-1.0,-1.0,-1.0,-1.0,-1.0,-1.0,-1.0,-1.0,-1.0,-1.0,-1.0,-1.0,-1.0,-1.0,-1.0,-1.0,-1.0,-1.0,-1.0,-1.0,-1.0,-1.0,-1.0,-1.0,-1.0,-1.0,-1.0,-1.0,-1.0,-1.0,-1.0,-1.0,-1.0,-1.0,-1.0,-1.0,-1.0,-1.0,-1.0,-1.0,-1.0
68,162.07318115234375,38.70294189453125,0.34210875630378723,165.06837463378906,35.7080078125,0.45405638217926025,159.07797241210938,35.7080078125,0.4688189923763275,169.06198120117188,36.70631790161133,0.4231400191783905,155.08438110351562,37.704627990722656,0.45139434933662415,176.05078125,52.679290771484375,0.32515159249305725,149.09397888183594,52.679290771484375,0.28368863463401794,193.0235595703125,63.660709381103516,0.2781892716884613,137.11317443847656,62.66239929199219,0.1402352750301361,217.9835662841797,54.67591094970703,0.15634284913539886,133.1195831298828,71.64720153808594,0.056318946182727814,172.0571746826172,98.60159301757812,0.15271148085594177,153.0875701904297,98.60159301757812,0.15286856889724731,172.0571746826172,128.55091857910156,0.08126483857631683,153.0875701904297,126.55429077148438,0.1419203132390976,171.05877685546875,140.5306396484375,0.07019922137260437,153.0875701904297,140.5306396484375,0.16022300720214844,-1.0,-1.0,-1.0,-1.0,-1.0,-1.0,-1.0,-1.0,-1.0,-1.0,-1.0,-1.0,-1.0,-1.0,-1.0,-1.0,-1.0,-1.0,-1.0,-1.0,-1.0,-1.0,-1.0,-1.0,-1.0,-1.0,-1.0,-1.0,-1.0,-1.0,-1.0,-1.0,-1.0,-1.0,-1.0,-1.0,-1.0,-1.0,-1.0,-1.0,-1.0,-1.0,-1.0,-1.0,-1.0,-1.0,-1.0,-1.0,-1.0,-1.0,-1.0
69,162.27467346191406,38.424137115478516,0.41927284002304077,164.2581787109375,35.43549346923828,0.47502291202545166,159.29940795898438,35.43549346923828,0.5450714826583862,169.21694946289062,36.43170928955078,0.48702216148376465,155.3323974609375,37.42792510986328,0.5793114304542542,176.1592254638672,52.371150970458984,0.3343910574913025,148.39012145996094,52.371150970458984,0.314903199672699,192.02728271484375,64.32572937011719,0.25840017199516296,136.48907470703125,63.32951736450195,0.14392216503620148,217.81289672851562,54.36357879638672,0.1623723804950714,133.51382446289062,73.29167175292969,0.06414561718702316,171.20046997070312,98.19705200195312,0.15658357739448547,153.34889221191406,98.19705200195312,0.1676362305879593,171.20046997070312,128.08349609375,0.09182760864496231,153.34889221191406,127.08728790283203,0.13610392808914185,170.20870971679688,140.0380859375,0.08622804284095764,153.34889221191406,140.0380859375,0.1846456229686737,-1.0,-1.0,-1.0,-1.0,-1.0,-1.0,-1.0,-1.0,-1.0,-1.0,-1.0,-1.0,-1.0,-1.0,-1.0,-1.0,-1.0,-1.0,-1.0,-1.0,-1.0,-1.0,-1.0,-1.0,-1.0,-1.0,-1.0,-1.0,-1.0,-1.0,-1.0,-1.0,-1.0,-1.0,-1.0,-1.0,-1.0,-1.0,-1.0,-1.0,-1.0,-1.0,-1.0,-1.0,-1.0,-1.0,-1.0,-1.0,-1.0,-1.0,-1.0
70,164.02354431152344,38.05739212036133,0.3927871882915497,167.0173797607422,35.074378967285156,0.3879348039627075,161.0297088623047,35.074378967285156,0.3901125192642212,170.01119995117188,36.06871795654297,0.3956778645515442,156.0399932861328,37.063053131103516,0.5101767182350159,176.996826171875,51.978118896484375,0.288787305355072,150.0523223876953,51.978118896484375,0.29375070333480835,193.9618682861328,61.92149353027344,0.30155718326568604,138.07699584960938,61.92149353027344,0.110896997153759,218.91046142578125,53.966793060302734,0.13430365920066833,132.08934020996094,68.8818588256836,0.10034342855215073,173.00503540039062,98.71198272705078,0.15285536646842957,155.04205322265625,99.7063217163086,0.14828644692897797,174.00299072265625,134.50814819335938,0.08437284827232361,155.04205322265625,133.5137939453125,0.0518324077129364,172.00709533691406,142.4628448486328,0.0442657545208931,154.04409790039062,142.4628448486328,0.03871917724609375,-1.0,-1.0,-1.0,-1.0,-1.0,-1.0,-1.0,-1.0,-1.0,-1.0,-1.0,-1.0,-1.0,-1.0,-1.0,-1.0,-1.0,-1.0,-1.0,-1.0,-1.0,-1.0,-1.0,-1.0,-1.0,-1.0,-1.0,-1.0,-1.0,-1.0,-1.0,-1.0,-1.0,-1.0,-1.0,-1.0,-1.0,-1.0,-1.0,-1.0,-1.0,-1.0,-1.0,-1.0,-1.0,-1.0,-1.0,-1.0,-1.0,-1.0,-1.0
71,186.90408325195312,131.4662322998047,0.015728263184428215,211.7850341796875,156.3599853515625,0.03439120948314667,156.0517120361328,122.50448608398438,0.014183206483721733,156.0517120361328,124.49598693847656,0.022613193839788437,163.01837158203125,127.48323822021484,0.026405848562717438,166.00408935546875,154.36849975585938,0.029242059215903282,191.88027954101562,136.4449920654297,0.15181125700473785,177.9469451904297,168.30899047851562,0.03611226752400398,218.75169372558594,127.48323822021484,0.15593314170837402,211.7850341796875,230.04550170898438,0.020205657929182053,224.72311401367188,111.55123138427734,0.16439905762672424,187.89932250976562,168.30899047851562,0.07772335410118103,210.789794921875,160.34298706054688,0.0974302589893341,181.92788696289062,202.1645050048828,0.07629146426916122,255.57550048828125,185.23675537109375,0.032328035682439804,249.60406494140625,226.0625,0.12242963165044785,175.9564666748047,233.0327606201172,0.12900185585021973,-1.0,-1.0,-1.0,-1.0,-1.0,-1.0,-1.0,-1.0,-1.0,-1.0,-1.0,-1.0,-1.0,-1.0,-1.0,-1.0,-1.0,-1.0,-1.0,-1.0,-1.0,-1.0,-1.0,-1.0,-1.0,-1.0,-1.0,-1.0,-1.0,-1.0,-1.0,-1.0,-1.0,-1.0,-1.0,-1.0,-1.0,-1.0,-1.0,-1.0,-1.0,-1.0,-1.0,-1.0,-1.0,-1.0,-1.0,-1.0,-1.0,-1.0,-1.0
72,185.53712463378906,128.9787139892578,0.02082553505897522,204.52780151367188,153.86924743652344,0.028884386643767357,184.53761291503906,128.9787139892578,0.04117906838655472,161.5489044189453,127.98308563232422,0.11239293962717056,180.53958129882812,126.98746490478516,0.0634780153632164,165.54693603515625,152.87362670898438,0.05531946197152138,191.5341796875,134.9524383544922,0.1780519038438797,180.53958129882812,166.81231689453125,0.04035764932632446,218.5209197998047,126.98746490478516,0.19112339615821838,224.51797485351562,114.04438781738281,0.028332140296697617,225.51748657226562,111.05752563476562,0.15809708833694458,186.53663635253906,170.7947998046875,0.07523179799318314,208.5258331298828,158.84735107421875,0.09167931228876114,257.50177001953125,185.7291259765625,0.09231787174940109,186.53663635253906,191.70285034179688,0.05360643193125725,249.50570678710938,226.5496063232422,0.1557808220386505,175.5420379638672,233.51895141601562,0.14274592697620392,-1.0,-1.0,-1.0,-1.0,-1.0,-1.0,-1.0,-1.0,-1.0,-1.0,-1.0,-1.0,-1.0,-1.0,-1.0,-1.0,-1.0,-1.0,-1.0,-1.0,-1.0,-1.0,-1.0,-1.0,-1.0,-1.0,-1.0,-1.0,-1.0,-1.0,-1.0,-1.0,-1.0,-1.0,-1.0,-1.0,-1.0,-1.0,-1.0,-1.0,-1.0,-1.0,-1.0,-1.0,-1.0,-1.0,-1.0,-1.0,-1.0,-1.0,-1.0
73,164.288330078125,38.29578399658203,0.4701606333255768,166.27796936035156,35.314422607421875,0.5274286866188049,161.30384826660156,35.314422607421875,0.5860026478767395,171.25210571289062,36.30820846557617,0.620191752910614,157.3245391845703,37.30199432373047,0.5940714478492737,179.21070861816406,53.20257568359375,0.30889856815338135,150.3607635498047,52.20878982543945,0.2979777157306671,195.1279296875,63.140438079833984,0.3934919834136963,138.4228515625,63.140438079833984,0.13862983882427216,216.01925659179688,58.1715087890625,0.21969619393348694,132.45388793945312,65.12800598144531,0.07359152287244797,174.236572265625,100.90431213378906,0.1457315981388092,155.3348846435547,100.90431213378906,0.14489556849002838,174.236572265625,135.6868438720703,0.08267510682344437,155.3348846435547,136.6806182861328,0.09611308574676514,217.01409912109375,131.71168518066406,0.025851894170045853,156.3297119140625,145.62469482421875,0.033149782568216324,-1.0,-1.0,-1.0,-1.0,-1.0,-1.0,-1.0,-1.0,-1.0,-1.0,-1.0,-1.0,-1.0,-1.0,-1.0,-1.0,-1.0,-1.0,-1.0,-1.0,-1.0,-1.0,-1.0,-1.0,-1.0,-1.0,-1.0,-1.0,-1.0,-1.0,-1.0,-1.0,-1.0,-1.0,-1.0,-1.0,-1.0,-1.0,-1.0,-1.0,-1.0,-1.0,-1.0,-1.0,-1.0,-1.0,-1.0,-1.0,-1.0,-1.0,-1.0
