frame_id,p0_nose,p0_left_eye,p0_right_eye,p0_left_ear,p0_right_ear,p0_left_shoulder,p0_right_shoulder,p0_left_elbow,p0_right_elbow,p0_left_wrist,p0_right_wrist,p0_left_hip,p0_right_hip,p0_left_knee,p0_right_knee,p0_left_ankle,p0_right_ankle,p1_nose,p1_left_eye,p1_right_eye,p1_left_ear,p1_right_ear,p1_left_shoulder,p1_right_shoulder,p1_left_elbow,p1_right_elbow,p1_left_wrist,p1_right_wrist,p1_left_hip,p1_right_hip,p1_left_knee,p1_right_knee,p1_left_ankle,p1_right_ankle,p0_average,p1_average
1,1.7151295955006187,0.5540709235712986,3.6919965375499184,3.6921903016303856,1.2960075126435504,2.776556989424789,2.513446300582993,6.947600444264335,53.11773407763932,7.274298953169688,1.47979594008538,0.8748709815563648,0.5380274653035622,2.5436836763899366,1.6153902102769568,1.5892068381770725,0.7918408369187789,0.0,0.0,0.0,0.0,0.0,0.0,0.0,0.0,0.0,0.0,0.0,0.0,0.0,0.0,0.0,0.0,0.0,5.471285152040291,0.0
2,1.1450793297005433,0.536623084671607,3.610858286854996,2.4727958267323067,2.4743522218028957,0.4802059845471403,2.4652173063320353,1.9011507090003295,0.9571334363735106,56.15092239292667,1.8537779649775339,0.8735535201514075,2.492316670427991,1.5543465618630523,0.5854779396795087,48.2365857456321,0.7344866204354484,0.0,0.0,0.0,0.0,0.0,0.0,0.0,0.0,0.0,0.0,0.0,0.0,0.0,0.0,0.0,0.0,0.0,7.560287270712299,0.0
3,16.06954020110026,1.2119247639119808,0.35769598391038093,12.587788368865262,0.35769598391038093,23.057464966601568,2.302162640033451,2.8113940974145644,10.281925922715462,2.2287477971969616,2.315978860710583,15.116643459490605,18.65129860249311,0.38620779450770604,0.8579648510124079,1.099071420563267,0.3165657571712882,0.0,0.0,0.0,0.0,0.0,0.0,0.0,0.0,0.0,0.0,0.0,0.0,0.0,0.0,0.0,0.0,0.0,6.471180674800543,0.0
4,2.8558944236369053,16.22074746691282,2.130378246677884,1.014728344046277,3.236616340084468,2.7316434418618107,4.075189574059856,29.82400716595395,0.8935345182657002,28.81677995569107,1.2041904032328234,16.844272338188585,20.20939366555318,1.972109151325807,1.6242516938619311,1.1572435725849168,1.1537843841728197,0.0,0.0,0.0,0.0,0.0,0.0,0.0,0.0,0.0,0.0,0.0,0.0,0.0,0.0,0.0,0.0,0.0,7.997927334477106,0.0
5,1.2940397325290605,1.7655488538364101,0.36191978955153986,0.7345717031062671,2.8351145496400023,1.9442591602321035,2.259248440619755,2.3425923123314907,2.2185809914137575,1.1879825054895345,0.7865302513589139,0.2519454997640582,23.09290716808331,1.0773203393579338,1.0655884523920358,0.8115952943168043,0.8116734390240531,0.0,0.0,0.0,0.0,0.0,0.0,0.0,0.0,0.0,0.0,0.0,0.0,0.0,0.0,0.0,0.0,0.0,2.6377304990027666,0.0
6,0.451571729097134,19.824718286144392,0.8104230290704592,0.649983060891459,0.6913247315070059,1.1995458316059562,2.770996912859489,18.638309645590667,0.39490566834730834,1.5798538857716982,1.86064923481854,13.930428024444005,0.34050926077614474,2.270118982902164,32.859506455276325,0.1548154145894135,51.82719047595853,0.0,0.0,0.0,0.0,0.0,0.0,0.0,0.0,0.0,0.0,0.0,0.0,0.0,0.0,0.0,0.0,0.0,8.83852062527357,0.0
7,1.4588297674054054,21.579295281309232,1.8426346598409824,1.0026192876648117,1.4674250334573662,5.612731747860646,2.365158390272965,2.3463884757385793,2.3374099134155673,1.298703957323908,3.1605759855888023,1.7130259483813943,2.3178676923651937,2.263707677617301,2.262278588832836,0.5610450857045739,0.8026059905409383,0.0,0.0,0.0,0.0,0.0,0.0,0.0,0.0,0.0,0.0,0.0,0.0,0.0,0.0,0.0,0.0,0.0,3.1995472637247353,0.0
8,1.2070806120528788,1.2129502869421984,1.2234956054339667,1.5959439114628666,0.508398431317993,3.7719510128116323,1.2168368264860279,6.912817601636982,1.7585313849733788,2.9881087764508223,1.099699348818028,14.533187092873682,1.804053841197116,1.8269527296466943,32.1216407043724,1.05830566640615,52.051166598915884,0.0,0.0,0.0,0.0,0.0,0.0,0.0,0.0,0.0,0.0,0.0,0.0,0.0,0.0,0.0,0.0,0.0,7.464183554811689,0.0
9,0.49530238283613126,19.79490442638682,0.5085756775282912,1.1444471107872556,0.5083025935486102,1.065867524525024,6.08635935626639,1.883665607517518,3.380782893636715,4.559417696484846,28.78398956717832,3.0046889108428503,2.5155615401056743,33.7128363041194,34.636730606600025,0.5322451142043847,0.5322451142043847,0.0,0.0,0.0,0.0,0.0,0.0,0.0,0.0,0.0,0.0,0.0,0.0,0.0,0.0,0.0,0.0,0.0,8.42034837804545,0.0
10,21.35352971934855,0.6520410541533506,2.1525805372535967,1.5854891266688924,0.7484907748632579,2.845470419320295,1.4907802614740684,1.7033412209381382,2.8153523601312234,6.5067516224444235,33.265850801460985,10.538727494891267,2.3572002090403017,1.6782916911425252,0.5271406826909609,0.5199283258506697,51.10091713857089,0.0,0.0,0.0,0.0,0.0,0.0,0.0,0.0,0.0,0.0,0.0,0.0,0.0,0.0,0.0,0.0,0.0,8.34364020236726,0.0
11,2.5259182470947117,1.8285401309017342,17.3864528638666,2.7222978413076055,2.8121874384852936,4.055212735903962,3.3055391820889097,4.039794675733421,1.0793483855598784,7.232061533302175,27.789318122330414,4.2811546828727955,2.097756120588161,3.564365940799569,1.9480212830308574,0.4201106434520346,0.9840080740135405,0.0,0.0,0.0,0.0,0.0,0.0,0.0,0.0,0.0,0.0,0.0,0.0,0.0,0.0,0.0,0.0,0.0,5.18071105301951,0.0
12,1.6455836148623633,1.3163513152366335,1.6396148232287302,1.2134614998858684,0.4968097592672608,3.1852793546493867,3.288483782348143,1.3305404340545242,1.7470929722631814,14.318582674643393,5.502955673455975,0.6609154899861062,1.532677343140062,0.2962354442095348,0.4813591244485146,0.924358202141191,0.6240661217339555,0.0,0.0,0.0,0.0,0.0,0.0,0.0,0.0,0.0,0.0,0.0,0.0,0.0,0.0,0.0,0.0,0.0,2.3649628017385185,0.0
13,1.1664943659000269,2.1704246986652085,1.1726344619183175,2.1846075348039435,1.2854806744535485,2.1935235374042663,1.3030005146570742,8.170886824146125,5.036018984488165,13.526383815858111,7.752636445755211,4.322935021345447,2.5942639506435325,1.1510840490254288,1.3800459117096415,0.47119985860695063,3.5402505477676134,0.0,0.0,0.0,0.0,0.0,0.0,0.0,0.0,0.0,0.0,0.0,0.0,0.0,0.0,0.0,0.0,0.0,3.4954041880675653,0.0
14,0.9215856817679882,0.9174072620946526,2.3062819594624915,1.644354107776981,1.4561621200493524,2.8240802489050676,1.6225044166000406,1.8900086751518377,2.535578464890292,1.8154136227908333,1.86882424242959,10.87282389426429,1.81286987517258,35.8936843706425,0.8549629719695999,49.721398801569435,50.34608157445619,0.0,0.0,0.0,0.0,0.0,0.0,0.0,0.0,0.0,0.0,0.0,0.0,0.0,0.0,0.0,0.0,0.0,9.959060134705513,0.0
15,2.775673206186719,2.6416262594231323,1.2760271240191747,2.524594312203885,1.5333708082641004,1.9284048236495108,1.5363291181042942,3.9383983899961095,2.6910167354786885,2.5234812392000636,2.320986125471075,5.557134247909802,19.87515118903284,1.7519474016822243,33.38576880700708,0.7771953114260152,0.6044826000313013,0.0,0.0,0.0,0.0,0.0,0.0,0.0,0.0,0.0,0.0,0.0,0.0,0.0,0.0,0.0,0.0,0.0,5.155387511710942,0.0
16,0.8986322387885937,4.023457859564165,0.8988118721144474,8.902599084366166,0.7502119622811322,2.873694086095682,1.469038253541538,2.5723509911592446,0.9841852669899338,2.1651865316822803,2.709840967126065,1.0456878453879723,1.8911507249080601,1.4358288450727261,0.9792082358099482,1.3149238787820454,1.013529915535808,0.0,0.0,0.0,0.0,0.0,0.0,0.0,0.0,0.0,0.0,0.0,0.0,0.0,0.0,0.0,0.0,0.0,2.113431679953283,0.0
17,2.6153281587230572,2.6376159015022256,2.615306366718666,2.6823880379410596,3.246292608729586,6.033764146443096,3.4669522536828015,5.621539229495382,3.4805943226799156,7.655235352424783,9.984514138856346,3.607910611734647,2.335753420808363,4.832229062082204,0.8879653629532556,2.2173240408714663,0.8779005388530408,0.0,0.0,0.0,0.0,0.0,0.0,0.0,0.0,0.0,0.0,0.0,0.0,0.0,0.0,0.0,0.0,0.0,3.8116831502646997,0.0
18,0.6649976303905948,1.04717445233703,0.6691404332286391,1.6343801222191223,13.817413917904927,5.088007772862511,18.58687769091818,2.284534772103886,34.60261150764173,4.616577831938926,2.684355405064575,2.5758089832772453,2.653246145033169,1.8085297119145562,0.5913269912667531,1.1050262223614296,0.6627382940550061,0.0,0.0,0.0,0.0,0.0,0.0,0.0,0.0,0.0,0.0,0.0,0.0,0.0,0.0,0.0,0.0,0.0,5.593691052030486,0.0
19,3.0342784546928225,4.110846266265813,2.0442463209169937,3.1179932839731554,1.753363033287653,3.2236515034584716,2.104235609183558,7.172962775465393,2.044167093380551,5.783664983332361,25.492757958008994,2.1363703071192552,2.068424267075666,1.1625070405410083,1.2609778402103755,1.1531249506888663,2.1665840646183687,0.0,0.0,0.0,0.0,0.0,0.0,0.0,0.0,0.0,0.0,0.0,0.0,0.0,0.0,0.0,0.0,0.0,4.107656220718783,0.0
20,2.047167805902615,2.5573988780291015,2.044852588952343,3.3059878426338836,2.0500849046811656,2.588937509064891,0.2515672216061155,2.9419634478260797,3.4548644521250758,7.114987807148609,6.636123865795739,1.2777866806259337,0.9436481087771296,0.9180577063830484,1.003972181704469,0.14840291900374664,2.103805316181465,0.0,0.0,0.0,0.0,0.0,0.0,0.0,0.0,0.0,0.0,0.0,0.0,0.0,0.0,0.0,0.0,0.0,2.4346828962612594,0.0
21,3.7835678600881315,3.1538530712385335,3.777487551365763,1.0047653908611007,3.1705103436765247,1.854191556915114,0.8770141990492235,2.696237007648601,1.3168854584945375,10.908614683511612,1.2783123073298086,0.7015143480561171,0.989635127381588,1.1144895730474798,1.2603369378424154,0.27920186028860416,1.0104742349492746,0.0,0.0,0.0,0.0,0.0,0.0,0.0,0.0,0.0,0.0,0.0,0.0,0.0,0.0,0.0,0.0,0.0,2.3045347948084953,0.0
22,2.4444149633730095,2.43684847637912,2.458028147960112,2.9819457096699638,2.4556753271921505,4.325425088566791,1.6471617792700708,3.7280172326729013,1.1569745920193641,6.598242625598271,4.226709790516055,3.5750443716951557,1.9385337283667943,1.270542235571516,1.9200115127147688,2.071900187430251,0.7332929411199884,0.0,0.0,0.0,0.0,0.0,0.0,0.0,0.0,0.0,0.0,0.0,0.0,0.0,0.0,0.0,0.0,0.0,2.7040452182421344,0.0
23,3.0165434180717585,2.1804982739929475,2.9208523919112794,2.9274541398840648,1.731678846659004,1.7317865668807206,0.8355471198959157,3.7037254273218254,5.805810626240717,13.608284425108163,29.801095590261472,0.6942348032679242,1.644074985567974,0.7184674970202367,0.3848453178390281,0.33234816881630946,0.3032499449270968,0.0,0.0,0.0,0.0,0.0,0.0,0.0,0.0,0.0,0.0,0.0,0.0,0.0,0.0,0.0,0.0,0.0,4.255323384921556,0.0
24,1.7049942602947579,2.5557510165789084,1.5493787585544605,1.3382823099253522,1.2701528344535251,1.743387410269991,1.2317764441485541,2.0874197618973573,2.243808624267134,1.9330443392230203,2.088372927172287,0.32990974795681416,0.23450845306507379,1.0803862692844588,0.17753867035477305,0.6217739929919563,1.2568718481833847,0.0,0.0,0.0,0.0,0.0,0.0,0.0,0.0,0.0,0.0,0.0,0.0,0.0,0.0,0.0,0.0,0.0,1.3792563334483416,0.0
25,0.5280837328753563,1.7065605024192876,0.5405356530151304,2.716247289268549,0.5450898933906927,1.461871846432957,1.386531094829384,1.2845018472271457,3.765445440073128,3.381737874268793,1.3905527387084748,1.0493009318936581,1.637181731095984,0.3256916108781765,2.060393443711645,0.7545961963827514,0.5935968568981771,0.0,0.0,0.0,0.0,0.0,0.0,0.0,0.0,0.0,0.0,0.0,0.0,0.0,0.0,0.0,0.0,0.0,1.4781128637276053,0.0
26,1.7101947045709347,2.972239073312839,3.69291457801805,2.711867522742507,1.7041449741446753,2.7162531350530315,1.9077685370308404,0.7253429243668993,5.419399708911004,3.111645921558956,10.055693406546796,0.7539714935711491,0.7005707309288657,1.3570428651901172,1.246678913119352,0.5080279645109027,1.294893322914133,0.0,0.0,0.0,0.0,0.0,0.0,0.0,0.0,0.0,0.0,0.0,0.0,0.0,0.0,0.0,0.0,0.0,2.505214692734768,0.0
27,6.986564152223629,3.059682911963409,3.8754603730187296,1.6484175778745591,3.464566217416068,3.066550092423204,0.9725678936209348,18.112147738171668,6.313475768177015,28.743267573550572,2.496184977439245,2.6341106074333904,3.5593609938346473,0.5340372842460279,1.9058671715525706,0.6315453906386658,1.6015874308297169,0.0,0.0,0.0,0.0,0.0,0.0,0.0,0.0,0.0,0.0,0.0,0.0,0.0,0.0,0.0,0.0,0.0,5.270905538494944,0.0
28,1.0240437575699632,0.44607637505381975,0.454575801997681,1.427071158425418,0.46001368850875257,1.6804773550736556,1.6168942328278724,1.9277886096326535,18.773924825820803,0.42047905246641787,19.90607090284557,1.8881552884372723,2.780724346271462,1.6388465109267412,0.686400785281406,0.357810202949347,0.7166234228905255,0.0,0.0,0.0,0.0,0.0,0.0,0.0,0.0,0.0,0.0,0.0,0.0,0.0,0.0,0.0,0.0,0.0,3.3062339009987864,0.0
29,2.230137838527156,1.8630797792196545,0.8943465763008782,0.730250898715067,2.532748456731541,2.7006084661529686,2.192806074377899,0.3749728841837651,3.2303075725782397,1.7210911994198521,5.258659312451536,2.1441049024432397,3.307891642743895,3.7951111072679846,2.1923475185268924,0.584618167084645,1.526435081534096,0.0,0.0,0.0,0.0,0.0,0.0,0.0,0.0,0.0,0.0,0.0,0.0,0.0,0.0,0.0,0.0,0.0,2.192912792838783,0.0
30,2.884222784258094,2.886460660483154,1.9087269224351024,1.907674269947121,1.0378493485358842,2.4124320556661827,3.4190648542075652,2.666655721474523,10.937712481895604,3.1644647625496796,2.406294548447467,2.406086943502158,1.4088769552514302,0.4678957628388261,2.581727222814471,0.9576353701406378,0.6277202003510034,0.0,0.0,0.0,0.0,0.0,0.0,0.0,0.0,0.0,0.0,0.0,0.0,0.0,0.0,0.0,0.0,0.0,2.59302946263523,0.0
31,7.56008524707695,6.609353945752973,10.532873284754638,2.327361599059647,12.02782272261628,1.9700192117409496,11.532360003411974,2.253555554904322,2.159533587373166,1.5691545125989474,1.5862768033883992,1.7911373378389592,3.6719765093968264,2.3109154248589743,2.419553604635593,0.804840967904483,1.613713677575208,0.0,0.0,0.0,0.0,0.0,0.0,0.0,0.0,0.0,0.0,0.0,0.0,0.0,0.0,0.0,0.0,0.0,4.278854940875782,0.0
32,1.7505334721269137,3.0994747574184047,1.3507603870031937,5.1414486857192125,7.411856137415431,7.55154834533826,3.8286906244547,5.6011482183499695,20.176889853529858,5.155862713448118,3.9424128585007825,4.615836317585213,4.846738335641598,6.575202953292258,5.771744524193635,3.043042253116418,0.8531694508125169,0.0,0.0,0.0,0.0,0.0,0.0,0.0,0.0,0.0,0.0,0.0,0.0,0.0,0.0,0.0,0.0,0.0,5.336256463996852,0.0
33,9.163900874076226,7.161170012496957,10.367391661923754,0.34705588118089387,1.0741106374479457,2.3098646287918596,1.4913371819759897,4.205053913464069,54.008220432262405,50.65218335086655,9.911620199040167,4.079939240960636,1.8742239702167138,5.489917434554582,2.6926258878288993,0.7465261649890909,0.37666925406514856,0.0,0.0,0.0,0.0,0.0,0.0,0.0,0.0,0.0,0.0,0.0,0.0,0.0,0.0,0.0,0.0,0.0,9.761871219184817,0.0
34,4.197406968364702,4.1947783359244655,4.812176648283884,5.946605207938612,5.741852892648941,6.612660521492977,28.26438365999318,3.50830899813678,2.2794864314035985,3.2429329271220166,45.87198088538669,4.498391558974079,0.658929893530176,4.732244060524667,2.7765693240844604,1.8216305672066104,1.1348490103988513,0.0,0.0,0.0,0.0,0.0,0.0,0.0,0.0,0.0,0.0,0.0,0.0,0.0,0.0,0.0,0.0,0.0,7.66442281714204,0.0
35,3.5272364291483242,1.6356521047155703,28.625716444194335,0.7460645016459583,2.2396175082735668,3.4135833071971837,5.696847569697886,29.889824297750938,3.7851147096404536,4.383623196805758,3.8776929077489304,8.448098199985067,6.930176390327719,4.816958510940206,3.2571736751498905,1.9919221028674605,0.5960449506328854,0.0,0.0,0.0,0.0,0.0,0.0,0.0,0.0,0.0,0.0,0.0,0.0,0.0,0.0,0.0,0.0,0.0,6.697726282748361,0.0
36,7.2199201467812895,9.421277262992689,28.859683359184707,8.179156346679436,1.375986091511059,1.0313814178643241,6.504696885257168,29.51264252632614,5.195884147118105,4.508772053984961,2.321496709977465,2.30507790008816,2.9109556584364062,4.576329069107845,1.2220235204900707,1.2984668345715404,0.8398623433938094,0.0,0.0,0.0,0.0,0.0,0.0,0.0,0.0,0.0,0.0,0.0,0.0,0.0,0.0,0.0,0.0,0.0,6.899036016103833,0.0
37,11.178906081229274,9.771574475151231,5.81433507417478,5.725418253342531,8.740507432202604,9.310930967423165,28.547822848844568,5.374998519608417,5.076278678106952,72.69771666096045,73.86777415055116,4.381722661386951,4.262465880093739,8.376226558036707,1.285003362080279,1.5853165600250432,0.6014436292398684,0.0,0.0,0.0,0.0,0.0,0.0,0.0,0.0,0.0,0.0,0.0,0.0,0.0,0.0,0.0,0.0,0.0,15.09402598779163,0.0
38,2.6228375646502577,21.846827289709893,3.2216062584835496,3.6377773177181143,4.6207875657666575,3.3062639828260885,3.3036123842338916,2.5663670847433107,1.828494804084523,0.7248005590691327,1.3053334075760574,1.382431858989528,2.2898212094505745,3.6954732889781856,0.3719456835021201,1.511304860679781,0.7881977068588482,0.0,0.0,0.0,0.0,0.0,0.0,0.0,0.0,0.0,0.0,0.0,0.0,0.0,0.0,0.0,0.0,0.0,3.471993107489442,0.0
39,3.1687377164526818,15.906437650418152,4.024198642460261,8.734544249615102,5.958616545401704,6.4799410472651235,1.4936449606472295,2.9465683228475354,3.058934664363823,60.845610116686444,1.2451120074482294,1.8288509608028445,3.082930556152654,3.7227637032087015,1.2809696866717764,2.4199919733285085,1.1072705708615533,0.0,0.0,0.0,0.0,0.0,0.0,0.0,0.0,0.0,0.0,0.0,0.0,0.0,0.0,0.0,0.0,0.0,7.488536669096019,0.0
40,5.50728239529769,5.250545798347357,6.845678684930566,6.097056510292581,8.692022199966614,3.2264986972603213,20.64852300123272,48.117300597397225,2.964641574596215,1.3219991130820472,60.3347759651517,1.8943000595863493,3.069308446313256,2.0409378760760695,2.050708495861918,0.5083237937331533,0.5016856176499164,0.0,0.0,0.0,0.0,0.0,0.0,0.0,0.0,0.0,0.0,0.0,0.0,0.0,0.0,0.0,0.0,0.0,10.533622872163276,0.0
41,8.747156971354933,9.197979548817914,7.517607486126413,5.84326607156596,4.930728205854701,2.694228907565156,4.903159985023966,29.510821348449973,31.151730571343958,2.581065128327309,1.7001699633217717,1.8033025409896657,1.8340512443525094,3.486929152476409,2.5121172252670134,2.3891402857597535,1.1896043198466453,0.0,0.0,0.0,0.0,0.0,0.0,0.0,0.0,0.0,0.0,0.0,0.0,0.0,0.0,0.0,0.0,0.0,7.1760622915555325,0.0
42,3.0940003794325985,3.611247891711559,1.7248475579511877,7.126880451034386,0.9587927161108463,27.344951116894947,3.9746489539053274,0.42558670172167556,30.545285478194938,64.15950607076196,23.58026370700189,5.807478185023623,4.715215459208552,4.4231865008103926,3.7924105151973997,1.5528182259747176,0.8833839089809606,0.0,0.0,0.0,0.0,0.0,0.0,0.0,0.0,0.0,0.0,0.0,0.0,0.0,0.0,0.0,0.0,0.0,11.042382577642174,0.0
43,4.152140378485514,23.39619817127543,3.744902376527553,4.622661433531157,2.604096188567868,5.973170890048704,5.26497289336853,1.356532681942219,2.452783334389297,50.410211362364876,9.390143221868334,3.979562570674979,1.0979010126497246,1.3894986987113542,1.910469518087225,0.12372652787463818,1.1049985985273703,0.0,0.0,0.0,0.0,0.0,0.0,0.0,0.0,0.0,0.0,0.0,0.0,0.0,0.0,0.0,0.0,0.0,7.2337629328761635,0.0
44,22.838371040934515,2.3082783429600604,3.019004242374356,1.4711434705353863,1.3824265187315061,1.316429802334762,2.743190442425585,8.008265021366979,2.0365183704352194,47.61866150471221,46.246708875747466,2.362212249519631,1.4391127751170696,1.6703706413006514,1.8769817373062807,0.619704980591644,0.32416271939559754,0.0,0.0,0.0,0.0,0.0,0.0,0.0,0.0,0.0,0.0,0.0,0.0,0.0,0.0,0.0,0.0,0.0,8.663620160928758,0.0
45,10.164277527870468,12.056268614779318,11.764035674147568,1.603333158557173,1.5996673981641738,0.7686345037826762,1.5715142730313838,5.736042567209326,2.5799799262725465,0.6902687296635455,59.233779413597055,3.554727520461954,4.5366245967452485,2.9527755309295056,1.5791187604658883,1.5754582247169204,1.5646902767532136,0.0,0.0,0.0,0.0,0.0,0.0,0.0,0.0,0.0,0.0,0.0,0.0,0.0,0.0,0.0,0.0,0.0,7.266540982185174,0.0
46,2.292225107632668,3.1730359515773947,3.150761604573349,11.316172237991701,0.9668155649394349,3.404925469479654,6.046446602166188,2.621292940143671,1.9286677102182144,25.351038616806044,56.28506459828686,3.342504093649679,4.329456007931496,1.134048857031653,1.9101563873862635,0.4744346212547369,0.5481741853270792,0.0,0.0,0.0,0.0,0.0,0.0,0.0,0.0,0.0,0.0,0.0,0.0,0.0,0.0,0.0,0.0,0.0,7.545601209199769,0.0
47,8.599141971180538,9.543749224466374,1.3688466483506918,0.6763366894070011,0.365675117859315,4.617885348694524,2.368569478414492,5.48648189478654,43.193289831074466,23.811895889254775,6.314768176346177,7.359146070643383,8.594470574028618,4.612411994728731,3.133286196042145,1.6340519527702972,0.6674640269528764,0.0,0.0,0.0,0.0,0.0,0.0,0.0,0.0,0.0,0.0,0.0,0.0,0.0,0.0,0.0,0.0,0.0,7.785145357941233,0.0
48,1.2543693160276859,3.211994538862239,2.6002986937051356,12.46592655233036,2.231875752296581,1.3275609484962287,10.536631830159957,1.2625081490102663,38.70230433936619,0.4991608232745294,1.5903504992677073,3.204480048178968,2.381229619946619,2.8795734220246025,2.2509086295052976,1.548709194059596,0.7414742594248511,0.0,0.0,0.0,0.0,0.0,0.0,0.0,0.0,0.0,0.0,0.0,0.0,0.0,0.0,0.0,0.0,0.0,5.217020977408048,0.0
49,2.0719255386209774,1.691408989350857,3.7503894743837924,10.13024438892195,1.2719583046519023,3.272358178190508,0.821547479101619,5.376370284309561,38.95212819327632,28.414631577837344,0.962894854532677,3.2705920359287908,2.261199594543087,2.286103675343739,1.3156121912534324,0.5959184884621109,0.5153145664452449,0.0,0.0,0.0,0.0,0.0,0.0,0.0,0.0,0.0,0.0,0.0,0.0,0.0,0.0,0.0,0.0,0.0,6.291799871479642,0.0
50,3.3266795851990327,2.8562735030373565,2.075477218062779,3.3421640095252654,1.9633986737396507,4.020850553416281,8.884259287763275,10.047522461198513,56.493087589993465,3.276959081398147,1.7047367993685132,4.142317515466846,4.272807063469185,3.0056337076815023,1.9028489538771038,1.4972783485051624,1.8860889555806841,0.0,0.0,0.0,0.0,0.0,0.0,0.0,0.0,0.0,0.0,0.0,0.0,0.0,0.0,0.0,0.0,0.0,6.746963723957809,0.0
51,2.6410134398087144,2.5603245196520987,2.551736660827062,1.847254219447117,2.618386943048362,3.460815975205245,2.4651928515500487,3.108063492453455,42.98119288798274,0.3055595911248328,13.33341149603763,3.348542516938028,2.4125073712689074,1.6781924920399867,1.1678589244745672,0.4466074920330899,2.0801601878396982,0.0,0.0,0.0,0.0,0.0,0.0,0.0,0.0,0.0,0.0,0.0,0.0,0.0,0.0,0.0,0.0,0.0,5.235695356572446,0.0
52,9.729534695467931,12.635345468126436,8.688476575794978,11.316801091563274,8.470453898361274,10.328915419884474,6.003438750689086,6.208388395220059,2.6577476956823154,7.8034766876444275,18.002138989153547,6.664913546110431,4.078822298430137,4.903008222999499,2.024069757712832,2.9486924368526095,1.3209768919135405,0.0,0.0,0.0,0.0,0.0,0.0,0.0,0.0,0.0,0.0,0.0,0.0,0.0,0.0,0.0,0.0,0.0,7.281482401270992,0.0
53,8.173954229812747,6.221735525645013,5.224094094870864,4.298515379406118,4.32473564435262,7.223002805365747,3.760230450568797,5.915365644195,2.1186296921605132,3.209559041850154,2.0510946901237497,1.165547007273802,2.4494583113585815,7.7555119389484215,0.8611120706665788,0.7414612504477986,0.3327788103232769,0.0,0.0,0.0,0.0,0.0,0.0,0.0,0.0,0.0,0.0,0.0,0.0,0.0,0.0,0.0,0.0,0.0,3.8721639169041047,0.0
54,3.4723667724108216,3.515420125978714,3.4891780362176497,4.924617015887095,4.097774137633565,6.658324807530975,4.879155505413651,4.001524914198399,4.978049471026302,4.874637771940168,3.004029541576521,0.12150575263437541,2.1706204746929183,0.9965957163357526,1.359996682700134,0.8530702395918212,0.1214584053361659,0.0,0.0,0.0,0.0,0.0,0.0,0.0,0.0,0.0,0.0,0.0,0.0,0.0,0.0,0.0,0.0,0.0,3.14813678653559,0.0
55,3.6261020706615064,3.9225987136812654,4.417810197350545,3.0332060161597214,3.9067402042200743,5.608366676655282,1.599633970423774,6.577572419594429,3.908128593402336,4.569113085916541,3.58350548618385,3.5739132662025352,3.316967224358921,1.8056680755096124,0.45855797303354495,0.39017091972393697,0.4332149739726033,0.0,0.0,0.0,0.0,0.0,0.0,0.0,0.0,0.0,0.0,0.0,0.0,0.0,0.0,0.0,0.0,0.0,3.219486462767675,0.0
56,3.972818190592449,3.08746728595201,2.6963899575674386,2.5906258565182445,2.734276697614201,3.7594103457749646,1.0776296023856358,4.121068254726426,3.9710199500115175,7.435194987067645,6.62069076330445,0.620334323654102,1.4646303940208567,0.4519707853927126,0.841119009416094,1.7225763706930564,0.43905509433618206,0.0,0.0,0.0,0.0,0.0,0.0,0.0,0.0,0.0,0.0,0.0,0.0,0.0,0.0,0.0,0.0,0.0,2.8003692864134107,0.0
57,5.931865842757592,6.265260204648556,6.263001842814997,6.716502703296484,6.709352991599315,6.679295041524936,7.953208063604564,40.24150963741906,7.1528877958997175,42.37288193237743,6.620744859349349,7.0882869378010005,7.8819640097004235,5.12543306353217,7.44583018840537,6.496240983560133,1.6092528956147845,0.0,0.0,0.0,0.0,0.0,0.0,0.0,0.0,0.0,0.0,0.0,0.0,0.0,0.0,0.0,0.0,0.0,10.503148176112111,0.0
58,1.7283113878894594,2.699607415249281,2.1886637999950564,1.7319419373046996,0.7971436950967606,3.0766028133040755,0.8346780784454835,2.526938772671229,9.582980495299463,1.3114539371752898,47.01330986879715,2.661757729719442,3.6393663352636514,2.1523821210404903,3.201270532113307,1.5266853128066349,0.6001615352557418,0.0,0.0,0.0,0.0,0.0,0.0,0.0,0.0,0.0,0.0,0.0,0.0,0.0,0.0,0.0,0.0,0.0,5.133720927495719,0.0
59,1.8253851948569983,1.2410661209977134,1.403472575234283,2.6584863888537966,2.396960085210125,2.6542005532428132,1.404683449351344,1.9865863460132258,18.756362495968144,31.884798226274118,18.496076812550395,2.9863996199350784,0.8706581032418251,1.3941278263126091,0.8397735946207723,1.624440757539111,1.7793852400121053,0.0,0.0,0.0,0.0,0.0,0.0,0.0,0.0,0.0,0.0,0.0,0.0,0.0,0.0,0.0,0.0,0.0,5.541344905306732,0.0
60,2.403198244222057,2.4017147098502445,2.4060122622056843,1.3085468502011608,2.3510868615358165,3.0204494378485984,0.20285953198466294,7.3820541294179725,4.849511806976252,1.0131990217849656,25.61440462284839,1.2870631891641224,2.7678631305664148,1.2688509355297297,1.205703125348405,1.2443365701791462,0.22275862097192933,0.0,0.0,0.0,0.0,0.0,0.0,0.0,0.0,0.0,0.0,0.0,0.0,0.0,0.0,0.0,0.0,0.0,3.5852713559197382,0.0
61,4.606595012092578,4.594785565094738,4.60696254434571,2.6080744512502365,1.6536125679202685,1.4242667209785222,2.1378852810802473,13.728071722023444,22.982656971355226,7.499869149930507,1.6290589254312111,4.281374967933722,2.1747288509767837,1.5630863225833458,2.7604529262593163,2.838606457634314,1.7266539597587538,0.0,0.0,0.0,0.0,0.0,0.0,0.0,0.0,0.0,0.0,0.0,0.0,0.0,0.0,0.0,0.0,0.0,4.871573082155819,0.0
62,0.8556982923791623,1.1343041160289924,0.8667334001812315,0.809659069699593,1.3728232412724801,13.396410364903453,2.2106846776172526,19.784760602297684,11.535822896065383,5.962092230764417,62.28165604550802,15.178805906219505,7.102497408147593,5.266454393845927,41.61846287734313,41.55031768693418,47.61951259054215,0.0,0.0,0.0,0.0,0.0,0.0,0.0,0.0,0.0,0.0,0.0,0.0,0.0,0.0,0.0,0.0,0.0,16.38509975292648,0.0
63,1.998275171635384,0.5089617676775364,0.512345776162732,1.6038081247964249,0.8579130506493817,4.889697760428105,4.466046927943519,1.848911604562237,0.6135928972237487,4.547267227577682,1.5884817317811757,5.691670081656349,2.823913031741324,10.715018970588403,3.2758793142517195,41.66971411470233,1.8501844695974656,0.0,0.0,0.0,0.0,0.0,0.0,0.0,0.0,0.0,0.0,0.0,0.0,0.0,0.0,0.0,0.0,0.0,5.2624518837044425,0.0
64,2.2439406349447517,1.8379759370926316,3.779973114619925,18.550084820788758,2.4526006860476532,19.990084825379373,3.4027921054743864,3.8244991291337063,7.351168245764483,2.8135521779099553,0.45479958988276076,11.681079249057053,1.8164486117447964,5.91262394222878,3.2797664154028996,24.76706786288969,11.584069412115007,0.0,0.0,0.0,0.0,0.0,0.0,0.0,0.0,0.0,0.0,0.0,0.0,0.0,0.0,0.0,0.0,0.0,7.3966192212045065,0.0
65,0.24657409438021974,0.9186969644712216,1.2322820427886565,0.9301939540749873,2.098684522511826,0.9287228829210286,3.087830177428547,36.75004787869534,2.110367164682122,2.6300702307128105,1.6200635210895866,2.105348467819172,2.076857045625915,3.879303552714293,0.12078268722059068,5.433847049395709,21.27162028197813,0.0,0.0,0.0,0.0,0.0,0.0,0.0,0.0,0.0,0.0,0.0,0.0,0.0,0.0,0.0,0.0,0.0,5.1436054422653035,0.0
66,3.021410474402483,3.027167510240169,3.020924700742268,1.1840544471280627,0.22977735336035632,2.373639503419214,2.735385009087623,9.967836751318204,1.107239694133911,0.38408878079460224,2.1206046095536064,2.2384649739462863,4.215502231117567,2.218727095380361,3.976501821540266,14.988088679406305,4.940672660949459,0.0,0.0,0.0,0.0,0.0,0.0,0.0,0.0,0.0,0.0,0.0,0.0,0.0,0.0,0.0,0.0,0.0,3.632358017442397,0.0
67,5.531940809827011,4.748808276509094,4.062496701576483,3.5709921294141385,3.177665203295012,4.128067920702073,3.426486380313476,10.035524685160363,4.775455994977702,44.4178785136662,12.774138295257961,22.93229877542039,16.256863115512463,9.193027458435433,11.38740635660794,9.944324748057674,10.424110638353765,0.0,0.0,0.0,0.0,0.0,0.0,0.0,0.0,0.0,0.0,0.0,0.0,0.0,0.0,0.0,0.0,0.0,10.634558000181599,0.0
68,1.4026562916417151,7.009399544953763,10.239271490577254,1.3590491157258093,3.1270953784685456,2.7927176319284928,4.135526283461257,6.3920706493409165,5.960832404074035,9.84864424417664,5.698177197376055,9.362808091960863,8.006976941321433,7.303824870487384,7.814587431225808,9.98859993496073,2.980917510013579,0.0,0.0,0.0,0.0,0.0,0.0,0.0,0.0,0.0,0.0,0.0,0.0,0.0,0.0,0.0,0.0,0.0,6.083715000687898,0.0
69,0.6362737568546115,2.757286124300243,10.964104532381123,2.1797927323976163,1.3582237226079354,2.139636846487132,3.289255277327068,1.3907732192254574,5.086898093693744,11.988372852453086,40.1847752666962,12.224530048369342,8.916980247319321,1.7193338193731966,4.006249283652764,1.3323672981884718,11.687740235207201,0.0,0.0,0.0,0.0,0.0,0.0,0.0,0.0,0.0,0.0,0.0,0.0,0.0,0.0,0.0,0.0,0.0,7.16838784450203,0.0
70,8.387731525442707,3.3760737065696675,9.44670578534713,16.426981370813724,12.043449366650886,28.962869889534893,2.885667038931863,0.5748540014616316,34.42878098619701,16.32197692025668,6.854582368114409,11.244719804019304,11.446204017365611,8.815891726860704,15.058714506516122,2.420113733783816,15.152913990451518,0.0,0.0,0.0,0.0,0.0,0.0,0.0,0.0,0.0,0.0,0.0,0.0,0.0,0.0,0.0,0.0,0.0,11.991072396371628,0.0
71,32.23517797930197,8.489561299157279,10.53863622751398,11.80431947065995,14.332503619660118,20.02863109973875,3.7964388398214095,5.136535346384073,56.064293320504405,9.000047629637754,11.200405024175767,9.760450534270287,11.044257728011367,11.924616857478167,1.5439760336573145,1.6251854041420644,2.57302495719924,0.0,0.0,0.0,0.0,0.0,0.0,0.0,0.0,0.0,0.0,0.0,0.0,0.0,0.0,0.0,0.0,0.0,13.00576831595964,0.0
72,27.189034403470718,4.1468788423274825,14.034889077966666,7.963137479171813,6.980738894719969,8.808698548341269,5.549474351538359,8.866056294391958,2.855701121728099,24.660197580357615,2.9130697478903675,8.929499198024544,4.153730964809672,6.1635410568897315,2.4295940789434542,17.037934409862036,9.527299364988737,0.0,0.0,0.0,0.0,0.0,0.0,0.0,0.0,0.0,0.0,0.0,0.0,0.0,0.0,0.0,0.0,0.0,9.541733847966029,0.0
73,3.245974121390149,2.2658093160770876,3.255020984301897,3.309655017407602,2.4114647908485614,4.513170707140336,1.1722527961909257,11.714506032489005,0.9236374715270907,4.297341194113409,16.264705174759992,2.32193843992662,0.9671980406051223,6.45859220266987,0.7252423063486277,11.55767358196845,1.4299406901628928,0.0,0.0,0.0,0.0,0.0,0.0,0.0,0.0,0.0,0.0,0.0,0.0,0.0,0.0,0.0,0.0,0.0,4.519654286348684,0.0
74,3.1533071464820885,3.834022130705285,1.8652863967248097,6.816093063985996,0.9810929153552536,7.214002839618244,0.4863858421505471,6.001382606719751,0.889642640193345,3.680767159727298,3.5239207346151824,3.7250512006830316,13.279577970904816,6.769350323942713,3.4864198328025515,5.399317738314088,1.848303674626257,0.0,0.0,0.0,0.0,0.0,0.0,0.0,0.0,0.0,0.0,0.0,0.0,0.0,0.0,0.0,0.0,0.0,4.291407306914779,0.0
75,5.715675794700424,6.6864632489907025,4.7323381489026275,5.621786523037132,11.259563195945827,4.646702785494112,4.771353827696929,8.494596003860476,1.5692495238156432,8.645599625396835,9.557407064341028,3.808988697805613,0.7242234327173639,3.918293320423779,0.4506476197810419,0.7536877963573199,0.6568557180465612,0.0,0.0,0.0,0.0,0.0,0.0,0.0,0.0,0.0,0.0,0.0,0.0,0.0,0.0,0.0,0.0,0.0,4.824319548665494,0.0
76,3.4302617151213965,3.694010759959746,2.8008227879049836,2.0147531680407083,0.5978825746797052,4.426496262833292,23.605446262309847,6.408042658385519,43.131316987352776,7.6777569881137495,7.6777569881137495,5.912105752013161,9.053411256986376,5.395201922868204,0.6035157062089118,1.157055063557213,3.6566898502173952,0.0,0.0,0.0,0.0,0.0,0.0,0.0,0.0,0.0,0.0,0.0,0.0,0.0,0.0,0.0,0.0,0.0,7.720148629686279,0.0
77,2.2436246826788167,1.487789415804236,1.4657493374344728,3.0748574743120756,2.96793168210278,0.893133345558163,5.899077650829698,16.943760005580156,10.137461618557216,47.08628795153051,29.00064996956537,10.913925609085547,15.592684806414274,5.104174642413199,10.63271183880746,2.458934162474091,4.055435782801071,0.0,0.0,0.0,0.0,0.0,0.0,0.0,0.0,0.0,0.0,0.0,0.0,0.0,0.0,0.0,0.0,0.0,9.997540586820538,0.0
78,6.111237455514287,6.073189934425847,5.277317687771628,5.304441809939317,4.521940971961337,7.2221042248573974,3.339996533540027,2.1553345279652008,8.606567482068753,1.0064168404910836,14.184657558658712,7.39956201046346,5.94041513946112,0.9202621138531117,1.6691897534410185,3.5851204560813414,33.34212004588976,0.0,0.0,0.0,0.0,0.0,0.0,0.0,0.0,0.0,0.0,0.0,0.0,0.0,0.0,0.0,0.0,0.0,6.862345561551965,0.0
79,6.494828124372773,5.416500098842796,5.508672598954657,5.7591143608277395,4.6839310038052435,8.108051113404823,3.659510566039577,8.371963490258992,21.630218977845267,3.9593546910718205,27.86093201969083,3.5531023996776883,3.781066350212231,17.330488089462506,26.051834824389044,33.65356011400863,1.9635489496187502,0.0,0.0,0.0,0.0,0.0,0.0,0.0,0.0,0.0,0.0,0.0,0.0,0.0,0.0,0.0,0.0,0.0,11.046275163087257,0.0
80,2.6244147705646697,3.8703988456174,2.9815698149348075,16.58880845407312,2.6682467177071674,19.52401375946323,3.548038097731408,20.56052000123295,4.932922208396637,1.592424523028259,7.6678746315324355,19.247391623696704,1.4462353827922756,4.489509479309574,5.082648660263818,14.261420733694473,1.712639650601751,0.0,0.0,0.0,0.0,0.0,0.0,0.0,0.0,0.0,0.0,0.0,0.0,0.0,0.0,0.0,0.0,0.0,7.811710432625922,0.0
81,2.3866729249043486,3.3100755348695605,3.3105671120776905,4.561743274090103,1.5610746234783943,1.1532584263802725,1.0694960733648877,22.281857486939572,2.344261606724514,2.1015288696381234,3.0476458991113944,5.1397105831715875,4.197385512941211,7.027194083197374,1.0712952322421458,24.81602213803374,0.927096627654992,0.0,0.0,0.0,0.0,0.0,0.0,0.0,0.0,0.0,0.0,0.0,0.0,0.0,0.0,0.0,0.0,0.0,5.312169765224701,0.0
82,2.9167302018573054,1.812297267179312,2.2074506093404653,1.2499380838623995,1.9235003506965396,18.724818134427686,2.465829641683323,44.69114126420864,3.754181833961013,24.359015969904206,5.4242343112216815,3.3006008708708467,6.703277189788582,11.485427485967474,11.667231200655166,5.431950579941543,3.6319855825918337,0.0,0.0,0.0,0.0,0.0,0.0,0.0,0.0,0.0,0.0,0.0,0.0,0.0,0.0,0.0,0.0,0.0,8.926447681068119,0.0
83,13.938154439834452,13.334378228582555,10.362906122482405,4.813901439153047,7.068772281919074,18.916832421405914,13.877446336334037,49.10113702433428,3.3193078879161386,73.60372089381183,1.8370865288247062,12.333892067371655,14.906340659521435,9.033846979264034,8.00875781028689,1.6938557929087972,4.423885455744241,0.0,0.0,0.0,0.0,0.0,0.0,0.0,0.0,0.0,0.0,0.0,0.0,0.0,0.0,0.0,0.0,0.0,15.3278954335115,0.0
84,23.774562938728018,11.479445597981224,21.563076053385764,8.035151659198673,7.690004745766235,8.397886090751387,6.6854852021221784,15.203045055948257,1.876819201238154,13.697994497167072,28.56045541818445,9.226637505983279,6.820709690544213,0.9984877150721498,5.014098977910841,5.85695800436275,9.303361717573893,0.0,0.0,0.0,0.0,0.0,0.0,0.0,0.0,0.0,0.0,0.0,0.0,0.0,0.0,0.0,0.0,0.0,10.834363533642268,0.0
85,4.050119235484378,14.73956931857044,5.120703500162551,23.26001279490436,6.325087661123033,33.824903993265394,14.270550209380334,40.21858531684875,26.509653426666425,46.446083645250475,29.822955423778,19.05769592040309,11.840349797329074,26.330663162304802,14.772309138178242,9.41908951991803,16.48517041369247,0.0,0.0,0.0,0.0,0.0,0.0,0.0,0.0,0.0,0.0,0.0,0.0,0.0,0.0,0.0,0.0,0.0,20.146676616309403,0.0
86,9.244042970856146,9.228093798107096,8.274088507611337,8.255609609996663,7.387028735338549,6.23700244747211,29.053407437759574,33.85199950573797,4.311532806394945,1.4538915167333117,33.62399769671855,7.293776797505081,23.065413769120077,4.312600702167342,7.345418985161365,11.180310909142955,12.347056037418715,0.0,0.0,0.0,0.0,0.0,0.0,0.0,0.0,0.0,0.0,0.0,0.0,0.0,0.0,0.0,0.0,0.0,12.733251307837753,0.0
87,4.054826363151136,5.374634707647311,4.96806283531644,4.042859352926386,22.250888393036764,4.48738881510678,5.631615091341122,8.826317275646733,48.7268713183241,52.9874931145368,24.6708462508438,4.075867052988935,7.282883077069683,18.79028737666554,11.781630125780124,5.656628799696129,5.149670426671555,0.0,0.0,0.0,0.0,0.0,0.0,0.0,0.0,0.0,0.0,0.0,0.0,0.0,0.0,0.0,0.0,0.0,14.04463355157349,0.0
88,4.412123564055487,4.88141146350848,11.031418234431122,1.9041790011800073,2.1833493039603256,1.0778175582745273,2.2533094186897475,5.2608785285201165,4.031008204716551,1.9250698964109634,4.226080772101722,7.292312789517919,5.1154648025500755,15.612884440128006,3.0691580388591198,15.337198975900321,1.0732452902996346,0.0,0.0,0.0,0.0,0.0,0.0,0.0,0.0,0.0,0.0,0.0,0.0,0.0,0.0,0.0,0.0,0.0,5.334524134300244,0.0
89,1.9897963395385951,0.6153311157613269,7.538118759148188,1.3293964227654738,2.848300294926542,9.426743167297673,19.718468785891666,33.146957172082665,34.656212447242865,2.873265424601951,9.399339483609278,4.169563161247583,19.728733189433964,5.137973635041631,1.9657197857043203,1.8145232471943107,3.940678360719404,0.0,0.0,0.0,0.0,0.0,0.0,0.0,0.0,0.0,0.0,0.0,0.0,0.0,0.0,0.0,0.0,0.0,9.429360046600438,0.0
90,5.899365438841242,6.927389921579591,9.92568371370922,6.391082882476443,14.924871025235673,2.035623559128323,5.17839934640229,2.308841492994059,7.652376749253915,36.672053005592076,25.440262167182546,3.3834980521976905,4.158503804331722,6.895628129465611,6.734927615222333,0.6117670500910822,2.2066472346081425,0.0,0.0,0.0,0.0,0.0,0.0,0.0,0.0,0.0,0.0,0.0,0.0,0.0,0.0,0.0,0.0,0.0,8.667465952253643,0.0
91,6.41643293889196,6.423020028482648,6.403146559503332,5.388432789573503,5.205738792305976,2.2624505753139195,4.15301655794454,3.2891220091424924,6.083313600831986,6.204614734190704,15.722108396949944,3.3006140706440483,0.7573349533513135,3.7076991895990288,5.774418396148172,17.450944452539662,22.847526031588725,0.0,0.0,0.0,0.0,0.0,0.0,0.0,0.0,0.0,0.0,0.0,0.0,0.0,0.0,0.0,0.0,0.0,7.140584357470703,0.0
92,10.364785183338508,13.039944519638203,9.144911930920859,25.910312904083902,8.51490943232011,33.86266858203775,5.531240586541202,19.65825893027283,18.562887523550675,23.004042528597452,13.327866241245692,19.98654433773687,4.458009913507741,11.812089515833291,22.02953931471567,0.3670308715592833,19.14966043041162,0.0,0.0,0.0,0.0,0.0,0.0,0.0,0.0,0.0,0.0,0.0,0.0,0.0,0.0,0.0,0.0,0.0,15.219100161547745,0.0
93,6.55188870018509,31.87832182886839,6.487551638023679,25.6061527990835,26.40590098738684,2.4794744626844083,0.8936781235483711,14.761071448689062,15.940985077178327,45.146725930115,8.506335139138795,8.71919555149438,3.449164185532515,9.364394732002005,6.05275213313829,9.491438108964743,11.689378470506712,0.0,0.0,0.0,0.0,0.0,0.0,0.0,0.0,0.0,0.0,0.0,0.0,0.0,0.0,0.0,0.0,0.0,13.730847606855301,0.0
94,44.90868699480486,50.481362769850016,45.101598353963176,21.04688994397322,22.90379280207673,13.28001990679791,1.3779719719323018,21.16688386905349,23.384157615778605,4.937339447993711,3.442416470351268,1.6664713007757572,3.8459070415230103,13.793975561269153,1.1905903493641532,0.9064486992036463,2.3281075510248805,0.0,0.0,0.0,0.0,0.0,0.0,0.0,0.0,0.0,0.0,0.0,0.0,0.0,0.0,0.0,0.0,0.0,16.221330626455053,0.0
95,58.80710673231628,61.76306461931513,44.34672569777098,2.096863029367819,1.4942586313813657,5.693754208751275,15.542297419016023,4.800653349265429,38.95891940445842,4.749723046713229,4.0804926917347215,2.660589676559476,4.6979410332785205,5.887200311231547,3.5494383948292945,4.130729630249888,9.815190756025721,0.0,0.0,0.0,0.0,0.0,0.0,0.0,0.0,0.0,0.0,0.0,0.0,0.0,0.0,0.0,0.0,0.0,16.063232272486186,0.0
96,21.36735552491061,21.25312005624155,6.808589586517684,16.327018062416233,9.059690951716245,5.673589361394175,7.948735096930871,21.09479674588256,8.272991301344478,44.50296677107259,56.25853379985127,5.2204666413488,3.8446152143848185,2.9487714284931568,17.50593302017758,1.6087359023425893,6.961162467590719,0.0,0.0,0.0,0.0,0.0,0.0,0.0,0.0,0.0,0.0,0.0,0.0,0.0,0.0,0.0,0.0,0.0,15.097474819565646,0.0
97,19.983966865378427,22.876185155800954,20.985913613670427,18.381956563922234,35.095285468590205,2.005095414871391,40.629750669654385,16.383227508277212,44.95564297559758,16.659248011124028,25.294502995276726,1.9863602215195466,26.58858006970821,14.354030205286668,23.48355165826107,15.682511603605242,14.705508398927755,0.0,0.0,0.0,0.0,0.0,0.0,0.0,0.0,0.0,0.0,0.0,0.0,0.0,0.0,0.0,0.0,0.0,21.179489258792472,0.0
98,13.771722306030325,12.371760420389291,12.224787701209193,5.811237548407843,5.454512728443159,15.642017677252888,13.810201088829444,17.637768334716615,23.450306173501467,21.736467289633374,18.19740005417844,13.871751695097082,6.987068593353706,24.617021365168434,25.572374929879032,21.96551313888461,18.281595533348874,0.0,0.0,0.0,0.0,0.0,0.0,0.0,0.0,0.0,0.0,0.0,0.0,0.0,0.0,0.0,0.0,0.0,15.964912151666105,0.0
99,24.251033496195564,23.278171883594926,23.136523145080595,23.9820955785246,7.720364513283045,3.545531456957586,4.842670043101234,19.164724267550405,6.229114986544468,13.899268382071584,26.676110518872207,0.9100489829462943,1.0808293834481277,7.712211007153585,3.420325437098332,13.44662975313879,2.2532426896641216,0.0,0.0,0.0,0.0,0.0,0.0,0.0,0.0,0.0,0.0,0.0,0.0,0.0,0.0,0.0,0.0,0.0,12.09111150148385,0.0
100,2.23568039289296,4.838900277022694,1.107736331897243,4.699751847536497,16.168398440957052,2.5980746269881236,6.1908032596743325,41.15781062158993,21.45385295633457,8.089939581800408,3.096486833354513,3.020750427153216,4.576728372224192,6.7461981373400475,1.3691177030384587,7.21026329127401,1.1627099489817179,0.0,0.0,0.0,0.0,0.0,0.0,0.0,0.0,0.0,0.0,0.0,0.0,0.0,0.0,0.0,0.0,0.0,7.983717826474115,0.0
101,28.833442859327096,24.857335285762204,28.831679201422826,23.65930774274458,26.386674917542777,0.2813282913937404,10.02352384196185,1.312445035738658,32.032643464390375,16.2403998680838,5.757402108532576,4.543795285273289,4.577654306225369,7.893200441338043,2.2720250235469712,1.7524804722498988,2.5091634218069254,0.0,0.0,0.0,0.0,0.0,0.0,0.0,0.0,0.0,0.0,0.0,0.0,0.0,0.0,0.0,0.0,0.0,13.044970680431824,0.0
102,16.245349515148526,12.138214410841966,16.92773491605639,4.97883939254392,14.81992570717872,8.302338845971157,12.859831076840699,3.087652304331607,6.669390368822498,12.819895787712195,18.19114201694061,18.849698952397393,4.0765306273093875,13.95116810706471,27.031474150868878,15.845832777517039,15.03471486631057,0.0,0.0,0.0,0.0,0.0,0.0,0.0,0.0,0.0,0.0,0.0,0.0,0.0,0.0,0.0,0.0,0.0,13.048807871991544,0.0
103,10.894062029847769,9.718576008989748,9.717531497120696,6.644937342571972,6.615970327099309,7.7869767042608355,1.821981629492646,8.453604819045621,7.630372185223983,7.926397301663894,35.38495746403114,8.515538378644615,11.57922174387224,8.804017167364195,1.2091351794044873,4.10969453343185,1.6920053174681717,0.0,0.0,0.0,0.0,0.0,0.0,0.0,0.0,0.0,0.0,0.0,0.0,0.0,0.0,0.0,0.0,0.0,8.735587037031362,0.0
104,0.0,0.0,0.0,0.0,0.0,0.0,0.0,0.0,0.0,0.0,0.0,0.0,0.0,0.0,0.0,0.0,0.0,0.0,0.0,0.0,0.0,0.0,0.0,0.0,0.0,0.0,0.0,0.0,0.0,0.0,0.0,0.0,0.0,0.0,0.0,0.0
105,38.03828451057191,27.78315085624566,38.06181319735428,25.352782272501585,7.569747760925824,23.810310880981,4.130701389431109,36.20562278647183,19.50606741914346,22.25608958010425,32.83892404399298,6.234940199773737,4.2232794661262165,1.3834391150936087,4.992067207609421,9.904021082032072,1.5855528972633068,0.0,0.0,0.0,0.0,0.0,0.0,0.0,0.0,0.0,0.0,0.0,0.0,0.0,0.0,0.0,0.0,0.0,17.875105568566013,0.0
106,8.494631704628853,48.22018733553799,9.344602118285508,4.693894722694974,1.9857651384820225,1.0925427119534306,6.737043360601651,52.35716886546103,10.087441070012737,44.74298868574166,29.02881825658058,13.629236113043374,6.416482489745137,8.451353074717774,13.160703456226125,7.928328025872054,14.254863946933483,0.0,0.0,0.0,0.0,0.0,0.0,0.0,0.0,0.0,0.0,0.0,0.0,0.0,0.0,0.0,0.0,0.0,16.507414769206964,0.0
107,22.32584421551292,22.27576415827135,21.068208623070806,22.613942256261506,11.051578631848395,29.045730016699192,6.090919254570493,18.761441842951182,25.21731081461868,38.57520871559516,30.785226340357642,22.58741984312782,5.119071502338946,21.493232792815004,9.085908610433512,9.486945920476193,8.64705689596697,0.0,0.0,0.0,0.0,0.0,0.0,0.0,0.0,0.0,0.0,0.0,0.0,0.0,0.0,0.0,0.0,0.0,19.072400613818576,0.0
108,6.501318578081117,7.898763282147641,4.527215480067334,9.757459340911755,8.580981001316298,9.93640867160263,8.649708723264684,6.220384747503765,4.2841807016348,3.8279763464444247,18.21666781456803,5.82791354077652,2.545419770039138,19.588386859956845,1.584445028696055,2.3659052504746656,20.1494100702277,0.0,0.0,0.0,0.0,0.0,0.0,0.0,0.0,0.0,0.0,0.0,0.0,0.0,0.0,0.0,0.0,0.0,8.26250265927726,0.0
109,0.0,0.0,0.0,0.0,0.0,0.0,0.0,0.0,0.0,0.0,0.0,0.0,0.0,0.0,0.0,0.0,0.0,0.0,0.0,0.0,0.0,0.0,0.0,0.0,0.0,0.0,0.0,0.0,0.0,0.0,0.0,0.0,0.0,0.0,0.0,0.0
110,35.2912049369754,21.648141712327977,30.1769077143479,5.584761604171024,33.2287369401068,5.305215262479188,24.056291585512447,18.817255505691893,37.815652671899244,21.15812649614393,9.929405950268182,1.8532632472162132,8.274607620569187,6.438864050372284,4.556619781389443,12.315935986736735,15.426593356624222,0.0,0.0,0.0,0.0,0.0,0.0,0.0,0.0,0.0,0.0,0.0,0.0,0.0,0.0,0.0,0.0,0.0,17.169269671931296,0.0
111,14.788618909409514,20.24811058173347,21.384434513060384,9.330926375864292,19.86805695552109,0.89326844701973,12.996041010041186,18.362487209303612,28.14542045769164,2.223370666918994,24.144106250137433,1.3728064827526083,1.8783815587131645,7.268454762441034,0.3767688889627876,13.023477277833722,1.5116684015647701,0.0,0.0,0.0,0.0,0.0,0.0,0.0,0.0,0.0,0.0,0.0,0.0,0.0,0.0,0.0,0.0,0.0,11.636258749939378,0.0
112,20.644352491350848,18.528860015171315,20.065227240792353,11.151787778347954,20.09267797220873,4.466802939481803,12.013954891363818,3.601116335509397,9.055415939372372,3.468775441592206,18.058944854328786,5.932942257460228,7.015569847383045,5.85784024555143,5.486178399314579,5.238525047969811,5.1138674799627255,0.0,0.0,0.0,0.0,0.0,0.0,0.0,0.0,0.0,0.0,0.0,0.0,0.0,0.0,0.0,0.0,0.0,10.340755245715377,0.0
113,6.395393355285798,6.531839205869074,7.369944559042344,4.633574252336258,7.349806014701653,5.455795218038881,4.422299620984473,4.260637167165938,2.44222663542502,45.71720684395173,9.597048162174925,2.54452241517632,2.099995061414541,2.271287488276666,3.702849019487723,1.9129074986730965,2.7059131163768937,0.0,0.0,0.0,0.0,0.0,0.0,0.0,0.0,0.0,0.0,0.0,0.0,0.0,0.0,0.0,0.0,0.0,7.024308566728315,0.0
114,12.166199899282015,12.66443033632349,12.193474543664449,11.122932047854082,12.715577285987306,6.966694436888927,4.260769632276716,32.08052846525704,5.315726722227584,52.5002290560435,3.975462380817555,15.804817501644578,5.924236030838267,3.826491060380844,4.001296526002909,15.247184816001804,15.850418857664883,0.0,0.0,0.0,0.0,0.0,0.0,0.0,0.0,0.0,0.0,0.0,0.0,0.0,0.0,0.0,0.0,0.0,13.330380564656235,0.0
115,0.0,0.0,0.0,0.0,0.0,0.0,0.0,0.0,0.0,0.0,0.0,0.0,0.0,0.0,0.0,0.0,0.0,0.0,0.0,0.0,0.0,0.0,0.0,0.0,0.0,0.0,0.0,0.0,0.0,0.0,0.0,0.0,0.0,0.0,0.0,0.0
116,0.0,0.0,0.0,0.0,0.0,0.0,0.0,0.0,0.0,0.0,0.0,0.0,0.0,0.0,0.0,0.0,0.0,0.0,0.0,0.0,0.0,0.0,0.0,0.0,0.0,0.0,0.0,0.0,0.0,0.0,0.0,0.0,0.0,0.0,0.0,0.0
117,20.499429712449125,19.53312618606476,20.56690359842328,18.600808804063607,15.916388142465788,9.195069143539326,7.4520384303720535,10.912135821741938,7.771463842962839,6.157903368705965,30.783078851734732,8.058873376540232,4.210118855378487,5.680815007039077,7.6117220412921585,14.470731587336287,21.875927713649215,0.0,0.0,0.0,0.0,0.0,0.0,0.0,0.0,0.0,0.0,0.0,0.0,0.0,0.0,0.0,0.0,0.0,13.488031440221109,0.0
118,12.920067817029238,11.600513122686465,12.04327371842933,9.376261790409286,13.50377473124748,1.8732192114471091,4.551788083253116,4.417398009384988,6.773843640902726,3.7670540791554887,28.20981611805427,2.2223356337612152,2.310748845404296,0.8803435518079135,5.765078298087434,0.36043947363510803,1.2197653778205477,0.0,0.0,0.0,0.0,0.0,0.0,0.0,0.0,0.0,0.0,0.0,0.0,0.0,0.0,0.0,0.0,0.0,7.164454206030354,0.0
119,16.04117415453904,17.31526317312691,16.973547348430184,39.20019590935719,14.775385894401563,26.03976015361122,35.41861724356217,37.59224215562041,29.106107333167554,4.679226843801041,6.039526009973371,14.302126864924833,9.842808129613,4.776051916198126,6.511518750157868,3.051001799972161,7.656922930845261,0.0,0.0,0.0,0.0,0.0,0.0,0.0,0.0,0.0,0.0,0.0,0.0,0.0,0.0,0.0,0.0,0.0,17.018910388900114,0.0
120,29.179619188437012,31.77356314209629,0.6857075131550838,27.473924910698653,35.60778830407367,3.9761078088667974,11.501941274937181,20.202824119080464,4.755910348839345,36.41286322280645,37.23171730525613,4.588235809739164,22.342250833379317,6.958263114813038,1.0626646722429811,1.3294278151003094,8.737083963695946,0.0,0.0,0.0,0.0,0.0,0.0,0.0,0.0,0.0,0.0,0.0,0.0,0.0,0.0,0.0,0.0,0.0,16.69528784395399,0.0
121,16.201974852015592,14.219338411829302,44.253780729563815,14.986774882357343,6.958830854881763,4.7215510531303195,20.219346076717702,4.241812232103987,25.669121658615794,41.912871780220904,45.39105111811018,4.35178485907712,19.234032590226313,10.112991971893969,1.2257761227323922,8.202519782225329,3.678109698641802,0.0,0.0,0.0,0.0,0.0,0.0,0.0,0.0,0.0,0.0,0.0,0.0,0.0,0.0,0.0,0.0,0.0,16.798921686726093,0.0
122,20.490562708536466,20.979398026267766,19.86703392469475,25.601522478606643,26.671588924493573,27.07809447253469,21.811621658869626,31.964758567182745,32.54764127054269,40.71919101131277,11.979563524064698,8.626094242333163,14.034105713938478,5.441461681352684,4.638497566085199,11.48853855307404,3.542729824742665,0.0,0.0,0.0,0.0,0.0,0.0,0.0,0.0,0.0,0.0,0.0,0.0,0.0,0.0,0.0,0.0,0.0,19.26367083227251,0.0
123,7.840060237525355,2.9355208359034264,4.902372100196464,2.1508584606095202,0.7293951113260986,2.1409387300544847,0.7275413130718983,6.4331012201249935,50.76663457165563,8.178542021804123,42.920438611063055,0.756644392847311,0.7429084617114434,2.582043217971755,1.5042703169293778,5.121441336352302,1.5388825337517111,0.0,0.0,0.0,0.0,0.0,0.0,0.0,0.0,0.0,0.0,0.0,0.0,0.0,0.0,0.0,0.0,0.0,8.351270204288173,0.0
124,1.7056809661303756,1.6964305537706212,1.8141061820830813,1.6954915379548532,1.7302810664074155,1.4079713286939703,2.702369591667488,5.680786732847331,34.300727553399604,10.363695001682409,7.720908102245293,2.465134502256204,1.6432263893019836,4.623797135016801,0.73020693621457,3.570885723924979,1.3626811123596476,0.0,0.0,0.0,0.0,0.0,0.0,0.0,0.0,0.0,0.0,0.0,0.0,0.0,0.0,0.0,0.0,0.0,5.012610612703331,0.0
125,0.4024063433179135,1.2055581033112899,0.4074767051863842,0.409558515169601,0.407487658990134,1.303027994537141,1.2662471902893844,4.42693931500775,29.78833259293842,10.014429482503425,11.762428721720017,0.912562475373382,0.9375725559132476,1.859293112684696,0.9281534835640323,4.742309310322153,24.514944071431326,0.0,0.0,0.0,0.0,0.0,0.0,0.0,0.0,0.0,0.0,0.0,0.0,0.0,0.0,0.0,0.0,0.0,5.6052192724859005,0.0
126,2.682349688522964,11.512602348758827,1.697279695273112,0.7692758126323758,0.8347012681080048,0.6100854860173248,0.8937222757785404,3.584949791008183,36.48452911196988,12.436236835904053,44.287227779987724,0.6881592299916446,0.6409405043695829,1.4862448181642969,2.256429116283742,1.9050590601909276,23.49173696835776,0.0,0.0,0.0,0.0,0.0,0.0,0.0,0.0,0.0,0.0,0.0,0.0,0.0,0.0,0.0,0.0,0.0,8.603619399489348,0.0
127,2.4965508868303075,8.834385679082287,1.660871649829709,2.516116379498222,3.031887550270786,2.5650740088146438,1.6365017992710524,1.6417876676491414,8.642150597922122,5.994370117172709,8.53436640572722,1.7195344781910302,2.629030234036863,1.9216133054959703,2.086013671559349,0.2371132656489931,3.0935230852246125,0.0,0.0,0.0,0.0,0.0,0.0,0.0,0.0,0.0,0.0,0.0,0.0,0.0,0.0,0.0,0.0,0.0,3.4847582813073537,0.0
128,7.797670483983608,1.5399708277680806,0.844707514294536,2.3654063189955226,1.1053895966472709,1.0265043930986544,1.0752206318868516,2.0473481725184848,0.9252895390389121,5.580246305973027,2.143411383965508,0.9725758288785223,0.08715577349228193,0.917148266530741,0.9120105155306211,0.20034782659524922,1.8984663604477436,0.0,0.0,0.0,0.0,0.0,0.0,0.0,0.0,0.0,0.0,0.0,0.0,0.0,0.0,0.0,0.0,0.0,1.849345278802683,0.0
129,1.9566724324192306,1.434543477742925,0.5534521294157579,1.4323917619203634,0.5390865108508696,0.5702179735395569,1.402962944409821,2.8594994326554253,1.4548393492832608,7.017778896533532,0.6585627247051621,0.7353181647762611,0.7549084911013234,0.6245766114617471,0.7850354615338786,0.7822268780101659,0.6338471685790926,0.0,0.0,0.0,0.0,0.0,0.0,0.0,0.0,0.0,0.0,0.0,0.0,0.0,0.0,0.0,0.0,0.0,1.4232894358199042,0.0
130,6.613698552122355,10.544541659676907,2.700051898892207,2.2045021331301378,1.7697488844243356,1.5797022784109973,0.49413926163021676,2.747271608306974,0.8982528025022108,3.354831391402003,2.261791952841473,0.48800366641554926,0.9645797683521292,0.7054212944002622,0.8439333518363034,0.9654487777806268,0.7148277550937681,0.0,0.0,0.0,0.0,0.0,0.0,0.0,0.0,0.0,0.0,0.0,0.0,0.0,0.0,0.0,0.0,0.0,2.344161590424615,0.0
